insert into Camara values(1);
insert into Camara values(2);
insert into Camara values(3);
insert into Camara values(4);
insert into Camara values(5);
insert into Camara values(6);
insert into Camara values(7);
insert into Camara values(8);
insert into Camara values(9);
insert into Camara values(10);
insert into Camara values(11);
insert into Camara values(12);
insert into Camara values(13);
insert into Camara values(14);
insert into Camara values(15);
insert into Camara values(16);
insert into Camara values(17);
insert into Camara values(18);
insert into Camara values(19);
insert into Camara values(20);
insert into Camara values(21);
insert into Camara values(22);
insert into Camara values(23);
insert into Camara values(24);
insert into Camara values(25);
insert into Camara values(26);
insert into Camara values(27);
insert into Camara values(28);
insert into Camara values(29);
insert into Camara values(30);
insert into Camara values(31);
insert into Camara values(32);
insert into Camara values(33);
insert into Camara values(34);
insert into Camara values(35);
insert into Camara values(36);
insert into Camara values(37);
insert into Camara values(38);
insert into Camara values(39);
insert into Camara values(40);
insert into Camara values(41);
insert into Camara values(42);
insert into Camara values(43);
insert into Camara values(44);
insert into Camara values(45);
insert into Camara values(46);
insert into Camara values(47);
insert into Camara values(48);
insert into Camara values(49);
insert into Camara values(50);
insert into Camara values(51);
insert into Camara values(52);
insert into Camara values(53);
insert into Camara values(54);
insert into Camara values(55);
insert into Camara values(56);
insert into Camara values(57);
insert into Camara values(58);
insert into Camara values(59);
insert into Camara values(60);
insert into Camara values(61);
insert into Camara values(62);
insert into Camara values(63);
insert into Camara values(64);
insert into Camara values(65);
insert into Camara values(66);
insert into Camara values(67);
insert into Camara values(68);
insert into Camara values(69);
insert into Camara values(70);
insert into Camara values(71);
insert into Camara values(72);
insert into Camara values(73);
insert into Camara values(74);
insert into Camara values(75);
insert into Camara values(76);
insert into Camara values(77);
insert into Camara values(78);
insert into Camara values(79);
insert into Camara values(80);
insert into Camara values(81);
insert into Camara values(82);
insert into Camara values(83);
insert into Camara values(84);
insert into Camara values(85);
insert into Camara values(86);
insert into Camara values(87);
insert into Camara values(88);
insert into Camara values(89);
insert into Camara values(90);
insert into Camara values(91);
insert into Camara values(92);
insert into Camara values(93);
insert into Camara values(94);
insert into Camara values(95);
insert into Camara values(96);
insert into Camara values(97);
insert into Camara values(98);
insert into Camara values(99);
insert into Camara values(100);

insert into Video values('2018-06-01 20:37:49','2018-12-27 17:58:18',94);
insert into Video values('2018-05-24 17:49:32','2018-09-24 09:56:54',40);
insert into Video values('2018-05-30 14:45:07','2018-11-25 22:15:26',56);
insert into Video values('2018-02-14 20:55:41','2018-11-24 20:00:53',70);
insert into Video values('2018-06-27 04:17:29','2018-11-07 00:48:09',71);
insert into Video values('2018-01-19 04:45:09','2018-07-12 15:32:49',69);
insert into Video values('2018-01-12 03:15:20','2018-11-02 10:31:05',63);
insert into Video values('2018-02-16 02:01:46','2018-05-01 17:59:20',61);
insert into Video values('2018-12-20 04:15:19','2018-12-23 21:40:25',87);
insert into Video values('2018-09-02 13:39:31','2018-11-26 19:58:56',74);
insert into Video values('2018-03-24 01:55:02','2018-06-30 23:50:12',36);
insert into Video values('2018-01-03 16:16:28','2018-04-20 21:52:07',1);
insert into Video values('2018-04-06 17:55:12','2018-04-10 00:46:48',8);
insert into Video values('2018-08-16 22:08:50','2018-10-01 17:31:32',100);
insert into Video values('2018-08-23 15:46:54','2018-11-13 15:25:40',64);
insert into Video values('2018-04-21 02:44:18','2018-09-10 03:00:41',21);
insert into Video values('2018-03-09 04:03:12','2018-03-22 06:51:56',25);
insert into Video values('2018-01-30 01:47:03','2018-05-22 05:40:17',31);
insert into Video values('2018-07-21 14:44:05','2018-11-13 01:46:49',88);
insert into Video values('2018-01-27 17:41:17','2018-10-07 08:25:49',19);
insert into Video values('2018-01-22 09:29:46','2018-12-14 12:34:18',8);
insert into Video values('2018-04-10 11:34:20','2018-06-08 20:12:18',1);
insert into Video values('2018-05-09 11:56:15','2018-11-30 00:28:41',45);
insert into Video values('2018-10-04 02:59:26','2018-12-22 00:28:36',43);
insert into Video values('2018-07-04 01:38:57','2018-08-29 21:32:37',64);
insert into Video values('2018-05-08 08:48:17','2018-10-19 06:33:31',45);
insert into Video values('2018-02-12 00:55:48','2018-09-13 21:29:35',7);
insert into Video values('2018-01-10 10:18:52','2018-04-21 18:27:27',40);
insert into Video values('2018-01-02 20:47:08','2018-04-13 00:11:53',2);
insert into Video values('2018-01-26 07:08:22','2018-06-06 16:20:43',80);
insert into Video values('2018-05-23 10:20:36','2018-10-21 16:58:24',7);
insert into Video values('2018-06-02 00:51:49','2018-11-19 19:02:53',13);
insert into Video values('2018-12-11 03:32:50','2018-12-29 06:00:27',80);
insert into Video values('2018-01-31 17:48:16','2018-11-06 21:23:25',94);
insert into Video values('2018-03-13 17:50:10','2018-09-12 13:04:45',43);
insert into Video values('2018-11-05 00:48:21','2018-11-23 11:54:01',82);
insert into Video values('2018-10-05 23:13:59','2018-11-14 11:27:02',6);
insert into Video values('2018-04-01 03:27:30','2018-07-20 14:07:30',69);
insert into Video values('2018-05-12 15:07:57','2018-09-28 14:12:45',11);
insert into Video values('2018-08-01 15:36:12','2018-08-20 12:13:01',87);
insert into Video values('2018-10-03 05:07:09','2018-12-12 14:55:33',69);
insert into Video values('2018-03-13 21:23:35','2018-11-05 21:56:39',63);
insert into Video values('2018-03-10 10:13:53','2018-10-01 17:26:08',59);
insert into Video values('2018-01-02 07:03:40','2018-10-05 06:59:52',82);
insert into Video values('2018-11-24 02:21:27','2018-12-23 03:01:10',45);
insert into Video values('2018-05-10 14:09:16','2018-09-12 11:02:15',22);
insert into Video values('2018-06-14 02:48:31','2018-11-26 18:56:48',91);
insert into Video values('2018-04-30 05:18:29','2018-07-12 04:00:16',52);
insert into Video values('2018-09-12 17:21:40','2018-12-20 09:31:52',82);
insert into Video values('2018-02-13 20:58:06','2018-10-14 07:29:48',88);
insert into Video values('2018-07-02 04:24:04','2018-12-29 09:31:26',8);
insert into Video values('2018-01-29 04:33:52','2018-10-15 10:08:12',80);
insert into Video values('2018-02-06 16:39:57','2018-05-23 14:27:24',30);
insert into Video values('2018-05-28 13:36:01','2018-11-30 01:53:30',42);
insert into Video values('2018-02-24 00:36:27','2018-03-21 16:58:23',52);
insert into Video values('2018-01-01 18:44:22','2018-11-30 19:24:15',68);
insert into Video values('2018-01-24 11:13:24','2018-09-29 12:51:55',93);
insert into Video values('2018-07-19 21:22:16','2018-08-29 10:19:50',93);
insert into Video values('2018-02-27 09:56:53','2018-03-20 00:30:41',100);
insert into Video values('2018-08-21 16:42:55','2018-11-28 06:04:45',39);
insert into Video values('2018-07-07 08:12:59','2018-11-13 03:09:19',94);
insert into Video values('2018-11-29 00:38:39','2018-12-05 03:05:41',27);
insert into Video values('2018-05-06 00:57:59','2018-08-09 19:25:15',42);
insert into Video values('2018-05-17 09:28:12','2018-06-05 11:13:13',82);
insert into Video values('2018-10-31 00:51:38','2018-12-21 20:00:08',19);
insert into Video values('2018-07-22 09:33:39','2018-08-02 20:31:51',41);
insert into Video values('2018-04-29 00:06:24','2018-12-22 12:14:43',79);
insert into Video values('2018-03-08 06:08:04','2018-03-22 03:05:39',51);
insert into Video values('2018-01-13 18:14:36','2018-02-04 05:03:28',60);
insert into Video values('2018-10-13 01:54:49','2018-12-09 00:09:26',74);
insert into Video values('2018-01-06 11:25:40','2018-04-30 12:47:06',53);
insert into Video values('2018-05-29 01:27:13','2018-08-16 12:01:19',53);
insert into Video values('2018-06-12 09:45:52','2018-07-23 20:49:13',74);
insert into Video values('2018-02-06 09:46:34','2018-12-13 11:24:06',70);
insert into Video values('2018-01-21 23:01:18','2018-04-10 15:49:08',42);
insert into Video values('2018-07-29 18:20:45','2018-08-31 21:05:13',43);
insert into Video values('2018-08-20 07:03:44','2018-11-17 04:06:36',60);
insert into Video values('2018-01-18 23:02:06','2018-12-23 05:40:05',22);
insert into Video values('2018-01-24 01:57:41','2018-09-02 13:11:24',33);
insert into Video values('2018-04-21 20:16:22','2018-08-09 06:11:45',74);
insert into Video values('2018-05-13 06:39:33','2018-11-21 07:02:44',19);
insert into Video values('2018-03-05 11:02:40','2018-07-03 21:39:00',65);
insert into Video values('2018-04-04 14:54:45','2018-06-01 13:25:08',93);
insert into Video values('2018-01-29 08:02:22','2018-06-02 18:13:00',35);
insert into Video values('2018-02-15 19:27:03','2018-03-16 18:14:58',54);
insert into Video values('2018-02-12 06:27:10','2018-12-27 03:03:55',82);
insert into Video values('2018-02-11 05:19:55','2018-10-04 08:02:44',89);
insert into Video values('2018-08-21 18:07:32','2018-12-18 14:20:43',66);
insert into Video values('2018-01-20 05:32:22','2018-08-18 09:15:03',44);
insert into Video values('2018-01-04 14:41:55','2018-07-22 08:39:40',74);
insert into Video values('2018-04-01 13:26:47','2018-05-04 19:46:52',51);
insert into Video values('2018-05-14 20:19:37','2018-11-13 21:24:38',53);
insert into Video values('2018-08-05 11:45:59','2018-09-24 06:13:49',75);
insert into Video values('2018-06-25 12:37:57','2018-07-22 16:53:38',67);
insert into Video values('2018-06-04 06:01:32','2018-12-27 20:23:02',74);
insert into Video values('2018-01-21 08:09:04','2018-08-21 07:18:19',49);
insert into Video values('2018-10-14 15:44:14','2018-10-16 07:37:12',32);
insert into Video values('2018-03-09 15:48:40','2018-10-16 18:03:45',74);
insert into Video values('2018-05-07 17:30:14','2018-07-20 01:21:09',60);
insert into Video values('2018-10-10 04:01:29','2018-10-27 03:59:54',86);

insert into SegmentoVideo values(1,'13:00:09','2018-06-01 20:37:49',94);
insert into SegmentoVideo values(2,'12:30:06','2018-06-01 20:37:49',94);
insert into SegmentoVideo values(3,'16:00:32','2018-06-01 20:37:49',94);
insert into SegmentoVideo values(4,'11:46:58','2018-06-01 20:37:49',94);
insert into SegmentoVideo values(5,'16:27:04','2018-06-01 20:37:49',94);
insert into SegmentoVideo values(6,'23:18:13','2018-06-01 20:37:49',94);
insert into SegmentoVideo values(7,'19:57:58','2018-06-01 20:37:49',94);
insert into SegmentoVideo values(8,'17:43:34','2018-06-01 20:37:49',94);
insert into SegmentoVideo values(9,'12:44:50','2018-06-01 20:37:49',94);
insert into SegmentoVideo values(10,'13:16:46','2018-06-01 20:37:49',94);
insert into SegmentoVideo values(11,'13:06:21','2018-06-01 20:37:49',94);
insert into SegmentoVideo values(12,'20:19:56','2018-06-01 20:37:49',94);
insert into SegmentoVideo values(13,'09:35:09','2018-06-01 20:37:49',94);
insert into SegmentoVideo values(14,'22:15:04','2018-06-01 20:37:49',94);
insert into SegmentoVideo values(15,'08:23:17','2018-06-01 20:37:49',94);
insert into SegmentoVideo values(16,'05:53:44','2018-06-01 20:37:49',94);
insert into SegmentoVideo values(17,'02:57:03','2018-06-01 20:37:49',94);
insert into SegmentoVideo values(18,'11:07:01','2018-06-01 20:37:49',94);
insert into SegmentoVideo values(19,'15:29:30','2018-06-01 20:37:49',94);
insert into SegmentoVideo values(20,'12:41:14','2018-06-01 20:37:49',94);
insert into SegmentoVideo values(21,'18:58:36','2018-06-01 20:37:49',94);
insert into SegmentoVideo values(22,'05:56:12','2018-06-01 20:37:49',94);
insert into SegmentoVideo values(23,'00:32:53','2018-06-01 20:37:49',94);
insert into SegmentoVideo values(24,'16:09:49','2018-06-01 20:37:49',94);
insert into SegmentoVideo values(25,'00:39:21','2018-06-01 20:37:49',94);
insert into SegmentoVideo values(26,'15:08:34','2018-06-01 20:37:49',94);
insert into SegmentoVideo values(27,'06:32:17','2018-06-01 20:37:49',94);
insert into SegmentoVideo values(28,'01:57:20','2018-06-01 20:37:49',94);
insert into SegmentoVideo values(29,'05:26:42','2018-06-01 20:37:49',94);
insert into SegmentoVideo values(30,'00:55:58','2018-06-01 20:37:49',94);
insert into SegmentoVideo values(31,'02:35:08','2018-06-01 20:37:49',94);
insert into SegmentoVideo values(32,'00:27:34','2018-06-01 20:37:49',94);
insert into SegmentoVideo values(33,'01:34:52','2018-06-01 20:37:49',94);
insert into SegmentoVideo values(34,'04:37:24','2018-06-01 20:37:49',94);
insert into SegmentoVideo values(1,'23:36:08','2018-05-24 17:49:32',40);
insert into SegmentoVideo values(2,'17:34:36','2018-05-24 17:49:32',40);
insert into SegmentoVideo values(3,'18:05:47','2018-05-24 17:49:32',40);
insert into SegmentoVideo values(4,'17:11:02','2018-05-24 17:49:32',40);
insert into SegmentoVideo values(5,'09:35:34','2018-05-24 17:49:32',40);
insert into SegmentoVideo values(6,'09:35:19','2018-05-24 17:49:32',40);
insert into SegmentoVideo values(7,'10:37:18','2018-05-24 17:49:32',40);
insert into SegmentoVideo values(8,'17:14:25','2018-05-24 17:49:32',40);
insert into SegmentoVideo values(9,'15:35:59','2018-05-24 17:49:32',40);
insert into SegmentoVideo values(10,'18:07:01','2018-05-24 17:49:32',40);
insert into SegmentoVideo values(11,'00:29:25','2018-05-24 17:49:32',40);
insert into SegmentoVideo values(12,'06:32:37','2018-05-24 17:49:32',40);
insert into SegmentoVideo values(13,'22:53:06','2018-05-24 17:49:32',40);
insert into SegmentoVideo values(14,'04:16:03','2018-05-24 17:49:32',40);
insert into SegmentoVideo values(15,'08:01:49','2018-05-24 17:49:32',40);
insert into SegmentoVideo values(16,'08:25:29','2018-05-24 17:49:32',40);
insert into SegmentoVideo values(17,'18:16:04','2018-05-24 17:49:32',40);
insert into SegmentoVideo values(18,'09:29:32','2018-05-24 17:49:32',40);
insert into SegmentoVideo values(19,'00:04:41','2018-05-24 17:49:32',40);
insert into SegmentoVideo values(20,'01:46:14','2018-05-24 17:49:32',40);
insert into SegmentoVideo values(21,'04:28:00','2018-05-24 17:49:32',40);
insert into SegmentoVideo values(22,'06:08:39','2018-05-24 17:49:32',40);
insert into SegmentoVideo values(23,'03:29:43','2018-05-24 17:49:32',40);
insert into SegmentoVideo values(24,'02:14:47','2018-05-24 17:49:32',40);
insert into SegmentoVideo values(25,'05:04:44','2018-05-24 17:49:32',40);
insert into SegmentoVideo values(1,'12:59:53','2018-05-30 14:45:07',56);
insert into SegmentoVideo values(2,'00:54:14','2018-05-30 14:45:07',56);
insert into SegmentoVideo values(3,'12:44:00','2018-05-30 14:45:07',56);
insert into SegmentoVideo values(4,'16:14:42','2018-05-30 14:45:07',56);
insert into SegmentoVideo values(5,'04:58:44','2018-05-30 14:45:07',56);
insert into SegmentoVideo values(6,'00:52:07','2018-05-30 14:45:07',56);
insert into SegmentoVideo values(7,'17:53:00','2018-05-30 14:45:07',56);
insert into SegmentoVideo values(8,'12:36:26','2018-05-30 14:45:07',56);
insert into SegmentoVideo values(9,'02:07:13','2018-05-30 14:45:07',56);
insert into SegmentoVideo values(10,'13:47:02','2018-05-30 14:45:07',56);
insert into SegmentoVideo values(11,'15:17:58','2018-05-30 14:45:07',56);
insert into SegmentoVideo values(12,'10:43:59','2018-05-30 14:45:07',56);
insert into SegmentoVideo values(13,'00:13:06','2018-05-30 14:45:07',56);
insert into SegmentoVideo values(14,'05:42:06','2018-05-30 14:45:07',56);
insert into SegmentoVideo values(15,'14:14:15','2018-05-30 14:45:07',56);
insert into SegmentoVideo values(16,'04:20:51','2018-05-30 14:45:07',56);
insert into SegmentoVideo values(17,'17:00:18','2018-05-30 14:45:07',56);
insert into SegmentoVideo values(18,'16:39:38','2018-05-30 14:45:07',56);
insert into SegmentoVideo values(19,'00:43:31','2018-05-30 14:45:07',56);
insert into SegmentoVideo values(20,'04:36:29','2018-05-30 14:45:07',56);
insert into SegmentoVideo values(21,'03:49:16','2018-05-30 14:45:07',56);
insert into SegmentoVideo values(22,'04:57:23','2018-05-30 14:45:07',56);
insert into SegmentoVideo values(23,'02:44:30','2018-05-30 14:45:07',56);
insert into SegmentoVideo values(24,'01:37:59','2018-05-30 14:45:07',56);
insert into SegmentoVideo values(25,'04:28:19','2018-05-30 14:45:07',56);
insert into SegmentoVideo values(1,'16:30:19','2018-02-14 20:55:41',70);
insert into SegmentoVideo values(2,'23:13:16','2018-02-14 20:55:41',70);
insert into SegmentoVideo values(3,'16:16:08','2018-02-14 20:55:41',70);
insert into SegmentoVideo values(4,'09:17:27','2018-02-14 20:55:41',70);
insert into SegmentoVideo values(5,'18:41:45','2018-02-14 20:55:41',70);
insert into SegmentoVideo values(6,'15:20:07','2018-02-14 20:55:41',70);
insert into SegmentoVideo values(7,'08:13:47','2018-02-14 20:55:41',70);
insert into SegmentoVideo values(8,'17:30:05','2018-02-14 20:55:41',70);
insert into SegmentoVideo values(9,'21:40:34','2018-02-14 20:55:41',70);
insert into SegmentoVideo values(10,'19:06:34','2018-02-14 20:55:41',70);
insert into SegmentoVideo values(11,'10:39:28','2018-02-14 20:55:41',70);
insert into SegmentoVideo values(12,'23:46:33','2018-02-14 20:55:41',70);
insert into SegmentoVideo values(13,'02:57:13','2018-02-14 20:55:41',70);
insert into SegmentoVideo values(14,'16:34:31','2018-02-14 20:55:41',70);
insert into SegmentoVideo values(15,'14:15:18','2018-02-14 20:55:41',70);
insert into SegmentoVideo values(16,'23:55:39','2018-02-14 20:55:41',70);
insert into SegmentoVideo values(17,'18:20:29','2018-02-14 20:55:41',70);
insert into SegmentoVideo values(18,'18:31:35','2018-02-14 20:55:41',70);
insert into SegmentoVideo values(19,'18:36:56','2018-02-14 20:55:41',70);
insert into SegmentoVideo values(20,'06:26:22','2018-02-14 20:55:41',70);
insert into SegmentoVideo values(21,'04:36:27','2018-02-14 20:55:41',70);
insert into SegmentoVideo values(22,'01:40:15','2018-02-14 20:55:41',70);
insert into SegmentoVideo values(23,'00:51:45','2018-02-14 20:55:41',70);
insert into SegmentoVideo values(24,'02:13:45','2018-02-14 20:55:41',70);
insert into SegmentoVideo values(25,'02:15:32','2018-02-14 20:55:41',70);
insert into SegmentoVideo values(26,'00:43:55','2018-02-14 20:55:41',70);
insert into SegmentoVideo values(27,'00:15:15','2018-02-14 20:55:41',70);
insert into SegmentoVideo values(28,'05:20:52','2018-02-14 20:55:41',70);
insert into SegmentoVideo values(1,'22:20:56','2018-06-27 04:17:29',71);
insert into SegmentoVideo values(2,'05:28:30','2018-06-27 04:17:29',71);
insert into SegmentoVideo values(3,'04:32:40','2018-06-27 04:17:29',71);
insert into SegmentoVideo values(4,'16:48:04','2018-06-27 04:17:29',71);
insert into SegmentoVideo values(5,'21:00:28','2018-06-27 04:17:29',71);
insert into SegmentoVideo values(6,'08:00:47','2018-06-27 04:17:29',71);
insert into SegmentoVideo values(7,'00:30:39','2018-06-27 04:17:29',71);
insert into SegmentoVideo values(8,'04:12:01','2018-06-27 04:17:29',71);
insert into SegmentoVideo values(9,'01:22:45','2018-06-27 04:17:29',71);
insert into SegmentoVideo values(10,'17:28:18','2018-06-27 04:17:29',71);
insert into SegmentoVideo values(11,'12:25:03','2018-06-27 04:17:29',71);
insert into SegmentoVideo values(12,'22:55:46','2018-06-27 04:17:29',71);
insert into SegmentoVideo values(13,'01:33:25','2018-06-27 04:17:29',71);
insert into SegmentoVideo values(14,'18:51:26','2018-06-27 04:17:29',71);
insert into SegmentoVideo values(15,'10:33:59','2018-06-27 04:17:29',71);
insert into SegmentoVideo values(16,'13:52:02','2018-06-27 04:17:29',71);
insert into SegmentoVideo values(17,'10:25:13','2018-06-27 04:17:29',71);
insert into SegmentoVideo values(18,'03:14:34','2018-06-27 04:17:29',71);
insert into SegmentoVideo values(19,'08:22:05','2018-06-27 04:17:29',71);
insert into SegmentoVideo values(20,'02:30:51','2018-06-27 04:17:29',71);
insert into SegmentoVideo values(21,'01:03:58','2018-06-27 04:17:29',71);
insert into SegmentoVideo values(22,'01:45:28','2018-06-27 04:17:29',71);
insert into SegmentoVideo values(23,'00:04:48','2018-06-27 04:17:29',71);
insert into SegmentoVideo values(24,'01:21:03','2018-06-27 04:17:29',71);
insert into SegmentoVideo values(25,'04:32:31','2018-06-27 04:17:29',71);
insert into SegmentoVideo values(1,'02:11:50','2018-01-19 04:45:09',69);
insert into SegmentoVideo values(2,'11:55:15','2018-01-19 04:45:09',69);
insert into SegmentoVideo values(3,'15:50:29','2018-01-19 04:45:09',69);
insert into SegmentoVideo values(4,'22:11:13','2018-01-19 04:45:09',69);
insert into SegmentoVideo values(5,'11:59:41','2018-01-19 04:45:09',69);
insert into SegmentoVideo values(6,'19:31:51','2018-01-19 04:45:09',69);
insert into SegmentoVideo values(7,'06:04:58','2018-01-19 04:45:09',69);
insert into SegmentoVideo values(8,'09:43:57','2018-01-19 04:45:09',69);
insert into SegmentoVideo values(9,'06:42:50','2018-01-19 04:45:09',69);
insert into SegmentoVideo values(10,'12:27:33','2018-01-19 04:45:09',69);
insert into SegmentoVideo values(11,'00:34:05','2018-01-19 04:45:09',69);
insert into SegmentoVideo values(12,'15:42:18','2018-01-19 04:45:09',69);
insert into SegmentoVideo values(13,'04:16:02','2018-01-19 04:45:09',69);
insert into SegmentoVideo values(14,'22:51:06','2018-01-19 04:45:09',69);
insert into SegmentoVideo values(15,'14:12:32','2018-01-19 04:45:09',69);
insert into SegmentoVideo values(16,'00:44:06','2018-01-19 04:45:09',69);
insert into SegmentoVideo values(17,'06:15:45','2018-01-19 04:45:09',69);
insert into SegmentoVideo values(18,'08:24:36','2018-01-19 04:45:09',69);
insert into SegmentoVideo values(19,'04:31:10','2018-01-19 04:45:09',69);
insert into SegmentoVideo values(20,'14:22:57','2018-01-19 04:45:09',69);
insert into SegmentoVideo values(21,'06:57:08','2018-01-19 04:45:09',69);
insert into SegmentoVideo values(22,'00:31:23','2018-01-19 04:45:09',69);
insert into SegmentoVideo values(23,'02:55:26','2018-01-19 04:45:09',69);
insert into SegmentoVideo values(24,'01:20:44','2018-01-19 04:45:09',69);
insert into SegmentoVideo values(25,'00:31:39','2018-01-19 04:45:09',69);
insert into SegmentoVideo values(26,'00:22:43','2018-01-19 04:45:09',69);
insert into SegmentoVideo values(27,'00:47:08','2018-01-19 04:45:09',69);
insert into SegmentoVideo values(28,'01:09:21','2018-01-19 04:45:09',69);
insert into SegmentoVideo values(29,'04:24:34','2018-01-19 04:45:09',69);
insert into SegmentoVideo values(1,'13:53:53','2018-01-12 03:15:20',63);
insert into SegmentoVideo values(2,'20:42:54','2018-01-12 03:15:20',63);
insert into SegmentoVideo values(3,'13:45:41','2018-01-12 03:15:20',63);
insert into SegmentoVideo values(4,'16:58:44','2018-01-12 03:15:20',63);
insert into SegmentoVideo values(5,'21:10:19','2018-01-12 03:15:20',63);
insert into SegmentoVideo values(6,'09:50:05','2018-01-12 03:15:20',63);
insert into SegmentoVideo values(7,'23:16:02','2018-01-12 03:15:20',63);
insert into SegmentoVideo values(8,'07:52:47','2018-01-12 03:15:20',63);
insert into SegmentoVideo values(9,'12:11:34','2018-01-12 03:15:20',63);
insert into SegmentoVideo values(10,'06:49:30','2018-01-12 03:15:20',63);
insert into SegmentoVideo values(11,'04:48:23','2018-01-12 03:15:20',63);
insert into SegmentoVideo values(12,'01:10:23','2018-01-12 03:15:20',63);
insert into SegmentoVideo values(13,'07:29:52','2018-01-12 03:15:20',63);
insert into SegmentoVideo values(14,'03:49:05','2018-01-12 03:15:20',63);
insert into SegmentoVideo values(15,'08:07:21','2018-01-12 03:15:20',63);
insert into SegmentoVideo values(16,'03:54:31','2018-01-12 03:15:20',63);
insert into SegmentoVideo values(17,'03:59:52','2018-01-12 03:15:20',63);
insert into SegmentoVideo values(18,'20:38:50','2018-01-12 03:15:20',63);
insert into SegmentoVideo values(19,'06:38:24','2018-01-12 03:15:20',63);
insert into SegmentoVideo values(20,'06:49:19','2018-01-12 03:15:20',63);
insert into SegmentoVideo values(21,'02:57:45','2018-01-12 03:15:20',63);
insert into SegmentoVideo values(22,'01:57:45','2018-01-12 03:15:20',63);
insert into SegmentoVideo values(23,'00:35:01','2018-01-12 03:15:20',63);
insert into SegmentoVideo values(24,'01:39:35','2018-01-12 03:15:20',63);
insert into SegmentoVideo values(25,'04:54:50','2018-01-12 03:15:20',63);
insert into SegmentoVideo values(1,'23:34:20','2018-02-16 02:01:46',61);
insert into SegmentoVideo values(2,'16:10:55','2018-02-16 02:01:46',61);
insert into SegmentoVideo values(3,'17:59:09','2018-02-16 02:01:46',61);
insert into SegmentoVideo values(4,'04:10:57','2018-02-16 02:01:46',61);
insert into SegmentoVideo values(5,'22:07:12','2018-02-16 02:01:46',61);
insert into SegmentoVideo values(6,'03:47:19','2018-02-16 02:01:46',61);
insert into SegmentoVideo values(7,'07:10:42','2018-02-16 02:01:46',61);
insert into SegmentoVideo values(8,'23:10:11','2018-02-16 02:01:46',61);
insert into SegmentoVideo values(9,'18:40:37','2018-02-16 02:01:46',61);
insert into SegmentoVideo values(10,'00:24:22','2018-02-16 02:01:46',61);
insert into SegmentoVideo values(11,'22:19:31','2018-02-16 02:01:46',61);
insert into SegmentoVideo values(12,'00:13:00','2018-02-16 02:01:46',61);
insert into SegmentoVideo values(13,'04:10:17','2018-02-16 02:01:46',61);
insert into SegmentoVideo values(14,'09:54:50','2018-02-16 02:01:46',61);
insert into SegmentoVideo values(15,'02:12:52','2018-02-16 02:01:46',61);
insert into SegmentoVideo values(16,'01:18:13','2018-02-16 02:01:46',61);
insert into SegmentoVideo values(17,'01:20:31','2018-02-16 02:01:46',61);
insert into SegmentoVideo values(18,'00:12:44','2018-02-16 02:01:46',61);
insert into SegmentoVideo values(19,'01:42:01','2018-02-16 02:01:46',61);
insert into SegmentoVideo values(20,'01:08:51','2018-02-16 02:01:46',61);
insert into SegmentoVideo values(21,'04:55:40','2018-02-16 02:01:46',61);
insert into SegmentoVideo values(1,'19:39:28','2018-08-01 15:36:12',87);
insert into SegmentoVideo values(2,'03:55:57','2018-08-01 15:36:12',87);
insert into SegmentoVideo values(3,'10:13:35','2018-08-01 15:36:12',87);
insert into SegmentoVideo values(4,'01:36:33','2018-08-01 15:36:12',87);
insert into SegmentoVideo values(5,'14:32:03','2018-08-01 15:36:12',87);
insert into SegmentoVideo values(6,'01:57:32','2018-08-01 15:36:12',87);
insert into SegmentoVideo values(7,'03:29:28','2018-08-01 15:36:12',87);
insert into SegmentoVideo values(8,'04:33:37','2018-08-01 15:36:12',87);
insert into SegmentoVideo values(9,'00:27:52','2018-08-01 15:36:12',87);
insert into SegmentoVideo values(10,'00:52:44','2018-08-01 15:36:12',87);
insert into SegmentoVideo values(11,'00:49:16','2018-08-01 15:36:12',87);
insert into SegmentoVideo values(12,'00:39:12','2018-08-01 15:36:12',87);
insert into SegmentoVideo values(13,'05:24:29','2018-08-01 15:36:12',87);
insert into SegmentoVideo values(1,'02:54:37','2018-09-02 13:39:31',74);
insert into SegmentoVideo values(2,'18:25:21','2018-09-02 13:39:31',74);
insert into SegmentoVideo values(3,'10:35:31','2018-09-02 13:39:31',74);
insert into SegmentoVideo values(4,'05:00:06','2018-09-02 13:39:31',74);
insert into SegmentoVideo values(5,'04:45:00','2018-09-02 13:39:31',74);
insert into SegmentoVideo values(6,'16:05:02','2018-09-02 13:39:31',74);
insert into SegmentoVideo values(7,'20:47:13','2018-09-02 13:39:31',74);
insert into SegmentoVideo values(8,'12:24:41','2018-09-02 13:39:31',74);
insert into SegmentoVideo values(9,'14:32:33','2018-09-02 13:39:31',74);
insert into SegmentoVideo values(10,'15:34:16','2018-09-02 13:39:31',74);
insert into SegmentoVideo values(11,'19:16:45','2018-09-02 13:39:31',74);
insert into SegmentoVideo values(12,'02:44:06','2018-09-02 13:39:31',74);
insert into SegmentoVideo values(13,'21:18:57','2018-09-02 13:39:31',74);
insert into SegmentoVideo values(14,'20:20:56','2018-09-02 13:39:31',74);
insert into SegmentoVideo values(15,'16:04:52','2018-09-02 13:39:31',74);
insert into SegmentoVideo values(16,'05:56:07','2018-09-02 13:39:31',74);
insert into SegmentoVideo values(17,'02:54:34','2018-09-02 13:39:31',74);
insert into SegmentoVideo values(18,'05:31:49','2018-09-02 13:39:31',74);
insert into SegmentoVideo values(19,'02:32:40','2018-09-02 13:39:31',74);
insert into SegmentoVideo values(20,'00:13:40','2018-09-02 13:39:31',74);
insert into SegmentoVideo values(21,'01:11:47','2018-09-02 13:39:31',74);
insert into SegmentoVideo values(22,'00:52:00','2018-09-02 13:39:31',74);
insert into SegmentoVideo values(23,'05:03:32','2018-09-02 13:39:31',74);
insert into SegmentoVideo values(1,'10:02:00','2018-03-24 01:55:02',36);
insert into SegmentoVideo values(2,'18:30:35','2018-03-24 01:55:02',36);
insert into SegmentoVideo values(3,'19:06:22','2018-03-24 01:55:02',36);
insert into SegmentoVideo values(4,'05:11:15','2018-03-24 01:55:02',36);
insert into SegmentoVideo values(5,'05:23:53','2018-03-24 01:55:02',36);
insert into SegmentoVideo values(6,'15:56:02','2018-03-24 01:55:02',36);
insert into SegmentoVideo values(7,'13:52:16','2018-03-24 01:55:02',36);
insert into SegmentoVideo values(8,'14:03:21','2018-03-24 01:55:02',36);
insert into SegmentoVideo values(9,'22:05:46','2018-03-24 01:55:02',36);
insert into SegmentoVideo values(10,'01:40:44','2018-03-24 01:55:02',36);
insert into SegmentoVideo values(11,'16:34:16','2018-03-24 01:55:02',36);
insert into SegmentoVideo values(12,'22:39:39','2018-03-24 01:55:02',36);
insert into SegmentoVideo values(13,'07:02:59','2018-03-24 01:55:02',36);
insert into SegmentoVideo values(14,'20:02:59','2018-03-24 01:55:02',36);
insert into SegmentoVideo values(15,'02:08:10','2018-03-24 01:55:02',36);
insert into SegmentoVideo values(16,'14:41:25','2018-03-24 01:55:02',36);
insert into SegmentoVideo values(17,'02:05:20','2018-03-24 01:55:02',36);
insert into SegmentoVideo values(18,'03:55:36','2018-03-24 01:55:02',36);
insert into SegmentoVideo values(19,'05:38:59','2018-03-24 01:55:02',36);
insert into SegmentoVideo values(20,'08:04:11','2018-03-24 01:55:02',36);
insert into SegmentoVideo values(21,'04:08:16','2018-03-24 01:55:02',36);
insert into SegmentoVideo values(22,'01:29:05','2018-03-24 01:55:02',36);
insert into SegmentoVideo values(23,'01:21:22','2018-03-24 01:55:02',36);
insert into SegmentoVideo values(24,'04:57:19','2018-03-24 01:55:02',36);
insert into SegmentoVideo values(1,'11:07:11','2018-01-03 16:16:28',1);
insert into SegmentoVideo values(2,'00:59:08','2018-01-03 16:16:28',1);
insert into SegmentoVideo values(3,'15:33:25','2018-01-03 16:16:28',1);
insert into SegmentoVideo values(4,'06:24:27','2018-01-03 16:16:28',1);
insert into SegmentoVideo values(5,'21:25:45','2018-01-03 16:16:28',1);
insert into SegmentoVideo values(6,'07:37:32','2018-01-03 16:16:28',1);
insert into SegmentoVideo values(7,'03:29:15','2018-01-03 16:16:28',1);
insert into SegmentoVideo values(8,'22:42:57','2018-01-03 16:16:28',1);
insert into SegmentoVideo values(9,'18:56:52','2018-01-03 16:16:28',1);
insert into SegmentoVideo values(10,'06:22:29','2018-01-03 16:16:28',1);
insert into SegmentoVideo values(11,'18:20:18','2018-01-03 16:16:28',1);
insert into SegmentoVideo values(12,'22:40:45','2018-01-03 16:16:28',1);
insert into SegmentoVideo values(13,'06:22:34','2018-01-03 16:16:28',1);
insert into SegmentoVideo values(14,'16:47:24','2018-01-03 16:16:28',1);
insert into SegmentoVideo values(15,'20:37:10','2018-01-03 16:16:28',1);
insert into SegmentoVideo values(16,'04:35:34','2018-01-03 16:16:28',1);
insert into SegmentoVideo values(17,'00:54:59','2018-01-03 16:16:28',1);
insert into SegmentoVideo values(18,'02:56:44','2018-01-03 16:16:28',1);
insert into SegmentoVideo values(19,'03:31:45','2018-01-03 16:16:28',1);
insert into SegmentoVideo values(20,'02:13:27','2018-01-03 16:16:28',1);
insert into SegmentoVideo values(21,'00:54:31','2018-01-03 16:16:28',1);
insert into SegmentoVideo values(22,'01:07:17','2018-01-03 16:16:28',1);
insert into SegmentoVideo values(23,'02:19:19','2018-01-03 16:16:28',1);
insert into SegmentoVideo values(24,'00:57:51','2018-01-03 16:16:28',1);
insert into SegmentoVideo values(25,'05:23:40','2018-01-03 16:16:28',1);
insert into SegmentoVideo values(1,'13:33:03','2018-04-06 17:55:12',8);
insert into SegmentoVideo values(2,'19:55:34','2018-04-06 17:55:12',8);
insert into SegmentoVideo values(3,'09:48:27','2018-04-06 17:55:12',8);
insert into SegmentoVideo values(4,'02:20:51','2018-04-06 17:55:12',8);
insert into SegmentoVideo values(5,'00:08:17','2018-04-06 17:55:12',8);
insert into SegmentoVideo values(6,'04:01:35','2018-04-06 17:55:12',8);
insert into SegmentoVideo values(7,'02:05:22','2018-04-06 17:55:12',8);
insert into SegmentoVideo values(8,'01:06:38','2018-04-06 17:55:12',8);
insert into SegmentoVideo values(9,'04:38:29','2018-04-06 17:55:12',8);
insert into SegmentoVideo values(1,'13:02:50','2018-08-16 22:08:50',100);
insert into SegmentoVideo values(2,'10:26:31','2018-08-16 22:08:50',100);
insert into SegmentoVideo values(3,'20:14:36','2018-08-16 22:08:50',100);
insert into SegmentoVideo values(4,'03:21:52','2018-08-16 22:08:50',100);
insert into SegmentoVideo values(5,'05:41:54','2018-08-16 22:08:50',100);
insert into SegmentoVideo values(6,'08:27:28','2018-08-16 22:08:50',100);
insert into SegmentoVideo values(7,'15:28:03','2018-08-16 22:08:50',100);
insert into SegmentoVideo values(8,'16:17:47','2018-08-16 22:08:50',100);
insert into SegmentoVideo values(9,'18:25:11','2018-08-16 22:08:50',100);
insert into SegmentoVideo values(10,'09:50:02','2018-08-16 22:08:50',100);
insert into SegmentoVideo values(11,'04:42:27','2018-08-16 22:08:50',100);
insert into SegmentoVideo values(12,'19:27:38','2018-08-16 22:08:50',100);
insert into SegmentoVideo values(13,'01:20:53','2018-08-16 22:08:50',100);
insert into SegmentoVideo values(14,'04:18:26','2018-08-16 22:08:50',100);
insert into SegmentoVideo values(15,'02:55:13','2018-08-16 22:08:50',100);
insert into SegmentoVideo values(16,'13:34:24','2018-08-16 22:08:50',100);
insert into SegmentoVideo values(17,'08:37:08','2018-08-16 22:08:50',100);
insert into SegmentoVideo values(18,'01:18:52','2018-08-16 22:08:50',100);
insert into SegmentoVideo values(19,'01:50:14','2018-08-16 22:08:50',100);
insert into SegmentoVideo values(20,'01:16:08','2018-08-16 22:08:50',100);
insert into SegmentoVideo values(21,'00:52:04','2018-08-16 22:08:50',100);
insert into SegmentoVideo values(22,'02:38:54','2018-08-16 22:08:50',100);
insert into SegmentoVideo values(23,'00:49:12','2018-08-16 22:08:50',100);
insert into SegmentoVideo values(24,'05:11:35','2018-08-16 22:08:50',100);
insert into SegmentoVideo values(1,'00:24:21','2018-08-23 15:46:54',64);
insert into SegmentoVideo values(2,'13:00:05','2018-08-23 15:46:54',64);
insert into SegmentoVideo values(3,'15:03:03','2018-08-23 15:46:54',64);
insert into SegmentoVideo values(4,'14:14:04','2018-08-23 15:46:54',64);
insert into SegmentoVideo values(5,'15:55:59','2018-08-23 15:46:54',64);
insert into SegmentoVideo values(6,'12:25:44','2018-08-23 15:46:54',64);
insert into SegmentoVideo values(7,'01:45:56','2018-08-23 15:46:54',64);
insert into SegmentoVideo values(8,'15:26:55','2018-08-23 15:46:54',64);
insert into SegmentoVideo values(9,'08:56:58','2018-08-23 15:46:54',64);
insert into SegmentoVideo values(10,'14:38:41','2018-08-23 15:46:54',64);
insert into SegmentoVideo values(11,'00:33:18','2018-08-23 15:46:54',64);
insert into SegmentoVideo values(12,'12:27:24','2018-08-23 15:46:54',64);
insert into SegmentoVideo values(13,'06:19:42','2018-08-23 15:46:54',64);
insert into SegmentoVideo values(14,'02:36:33','2018-08-23 15:46:54',64);
insert into SegmentoVideo values(15,'14:08:54','2018-08-23 15:46:54',64);
insert into SegmentoVideo values(16,'08:44:46','2018-08-23 15:46:54',64);
insert into SegmentoVideo values(17,'02:38:02','2018-08-23 15:46:54',64);
insert into SegmentoVideo values(18,'01:17:40','2018-08-23 15:46:54',64);
insert into SegmentoVideo values(19,'00:15:56','2018-08-23 15:46:54',64);
insert into SegmentoVideo values(20,'03:09:45','2018-08-23 15:46:54',64);
insert into SegmentoVideo values(21,'01:19:11','2018-08-23 15:46:54',64);
insert into SegmentoVideo values(22,'05:02:29','2018-08-23 15:46:54',64);
insert into SegmentoVideo values(1,'20:37:47','2018-04-21 02:44:18',21);
insert into SegmentoVideo values(2,'01:13:27','2018-04-21 02:44:18',21);
insert into SegmentoVideo values(3,'09:22:09','2018-04-21 02:44:18',21);
insert into SegmentoVideo values(4,'00:55:46','2018-04-21 02:44:18',21);
insert into SegmentoVideo values(5,'14:22:14','2018-04-21 02:44:18',21);
insert into SegmentoVideo values(6,'14:32:54','2018-04-21 02:44:18',21);
insert into SegmentoVideo values(7,'09:31:03','2018-04-21 02:44:18',21);
insert into SegmentoVideo values(8,'17:39:47','2018-04-21 02:44:18',21);
insert into SegmentoVideo values(9,'08:59:19','2018-04-21 02:44:18',21);
insert into SegmentoVideo values(10,'01:17:59','2018-04-21 02:44:18',21);
insert into SegmentoVideo values(11,'08:58:38','2018-04-21 02:44:18',21);
insert into SegmentoVideo values(12,'10:02:43','2018-04-21 02:44:18',21);
insert into SegmentoVideo values(13,'12:41:54','2018-04-21 02:44:18',21);
insert into SegmentoVideo values(14,'00:45:34','2018-04-21 02:44:18',21);
insert into SegmentoVideo values(15,'03:59:42','2018-04-21 02:44:18',21);
insert into SegmentoVideo values(16,'00:27:27','2018-04-21 02:44:18',21);
insert into SegmentoVideo values(17,'01:47:16','2018-04-21 02:44:18',21);
insert into SegmentoVideo values(18,'02:45:07','2018-04-21 02:44:18',21);
insert into SegmentoVideo values(19,'00:44:43','2018-04-21 02:44:18',21);
insert into SegmentoVideo values(20,'00:42:19','2018-04-21 02:44:18',21);
insert into SegmentoVideo values(21,'00:46:39','2018-04-21 02:44:18',21);
insert into SegmentoVideo values(22,'04:48:36','2018-04-21 02:44:18',21);
insert into SegmentoVideo values(1,'07:12:51','2018-03-09 04:03:12',25);
insert into SegmentoVideo values(2,'17:37:11','2018-03-09 04:03:12',25);
insert into SegmentoVideo values(3,'12:57:34','2018-03-09 04:03:12',25);
insert into SegmentoVideo values(4,'00:24:19','2018-03-09 04:03:12',25);
insert into SegmentoVideo values(5,'10:10:24','2018-03-09 04:03:12',25);
insert into SegmentoVideo values(6,'23:45:23','2018-03-09 04:03:12',25);
insert into SegmentoVideo values(7,'04:26:41','2018-03-09 04:03:12',25);
insert into SegmentoVideo values(8,'16:13:51','2018-03-09 04:03:12',25);
insert into SegmentoVideo values(9,'13:53:19','2018-03-09 04:03:12',25);
insert into SegmentoVideo values(10,'05:05:12','2018-03-09 04:03:12',25);
insert into SegmentoVideo values(11,'02:45:32','2018-03-09 04:03:12',25);
insert into SegmentoVideo values(12,'10:22:56','2018-03-09 04:03:12',25);
insert into SegmentoVideo values(13,'09:27:58','2018-03-09 04:03:12',25);
insert into SegmentoVideo values(14,'00:46:27','2018-03-09 04:03:12',25);
insert into SegmentoVideo values(15,'00:00:55','2018-03-09 04:03:12',25);
insert into SegmentoVideo values(16,'04:21:11','2018-03-09 04:03:12',25);
insert into SegmentoVideo values(17,'00:51:01','2018-03-09 04:03:12',25);
insert into SegmentoVideo values(18,'01:20:50','2018-03-09 04:03:12',25);
insert into SegmentoVideo values(19,'01:43:00','2018-03-09 04:03:12',25);
insert into SegmentoVideo values(20,'00:25:26','2018-03-09 04:03:12',25);
insert into SegmentoVideo values(21,'00:13:00','2018-03-09 04:03:12',25);
insert into SegmentoVideo values(22,'05:30:23','2018-03-09 04:03:12',25);
insert into SegmentoVideo values(1,'02:33:03','2018-01-30 01:47:03',31);
insert into SegmentoVideo values(2,'01:21:46','2018-01-30 01:47:03',31);
insert into SegmentoVideo values(3,'20:37:35','2018-01-30 01:47:03',31);
insert into SegmentoVideo values(4,'07:09:44','2018-01-30 01:47:03',31);
insert into SegmentoVideo values(5,'21:09:17','2018-01-30 01:47:03',31);
insert into SegmentoVideo values(6,'03:12:40','2018-01-30 01:47:03',31);
insert into SegmentoVideo values(7,'17:58:26','2018-01-30 01:47:03',31);
insert into SegmentoVideo values(8,'13:26:04','2018-01-30 01:47:03',31);
insert into SegmentoVideo values(9,'17:44:42','2018-01-30 01:47:03',31);
insert into SegmentoVideo values(10,'23:28:39','2018-01-30 01:47:03',31);
insert into SegmentoVideo values(11,'00:17:49','2018-01-30 01:47:03',31);
insert into SegmentoVideo values(12,'00:56:03','2018-01-30 01:47:03',31);
insert into SegmentoVideo values(13,'08:55:50','2018-01-30 01:47:03',31);
insert into SegmentoVideo values(14,'21:41:53','2018-01-30 01:47:03',31);
insert into SegmentoVideo values(15,'15:09:52','2018-01-30 01:47:03',31);
insert into SegmentoVideo values(16,'09:42:37','2018-01-30 01:47:03',31);
insert into SegmentoVideo values(17,'04:30:37','2018-01-30 01:47:03',31);
insert into SegmentoVideo values(18,'01:04:45','2018-01-30 01:47:03',31);
insert into SegmentoVideo values(19,'00:33:05','2018-01-30 01:47:03',31);
insert into SegmentoVideo values(20,'00:13:23','2018-01-30 01:47:03',31);
insert into SegmentoVideo values(21,'01:39:48','2018-01-30 01:47:03',31);
insert into SegmentoVideo values(22,'05:12:16','2018-01-30 01:47:03',31);
insert into SegmentoVideo values(1,'11:42:26','2018-07-21 14:44:05',88);
insert into SegmentoVideo values(2,'04:07:20','2018-07-21 14:44:05',88);
insert into SegmentoVideo values(3,'23:42:17','2018-07-21 14:44:05',88);
insert into SegmentoVideo values(4,'09:25:38','2018-07-21 14:44:05',88);
insert into SegmentoVideo values(5,'00:23:55','2018-07-21 14:44:05',88);
insert into SegmentoVideo values(6,'06:14:14','2018-07-21 14:44:05',88);
insert into SegmentoVideo values(7,'03:16:57','2018-07-21 14:44:05',88);
insert into SegmentoVideo values(8,'12:55:42','2018-07-21 14:44:05',88);
insert into SegmentoVideo values(9,'00:58:39','2018-07-21 14:44:05',88);
insert into SegmentoVideo values(10,'00:12:49','2018-07-21 14:44:05',88);
insert into SegmentoVideo values(11,'14:58:20','2018-07-21 14:44:05',88);
insert into SegmentoVideo values(12,'10:01:25','2018-07-21 14:44:05',88);
insert into SegmentoVideo values(13,'08:00:37','2018-07-21 14:44:05',88);
insert into SegmentoVideo values(14,'12:46:30','2018-07-21 14:44:05',88);
insert into SegmentoVideo values(15,'07:33:33','2018-07-21 14:44:05',88);
insert into SegmentoVideo values(16,'23:27:50','2018-07-21 14:44:05',88);
insert into SegmentoVideo values(17,'13:46:08','2018-07-21 14:44:05',88);
insert into SegmentoVideo values(18,'02:17:20','2018-07-21 14:44:05',88);
insert into SegmentoVideo values(19,'05:38:41','2018-07-21 14:44:05',88);
insert into SegmentoVideo values(20,'09:09:04','2018-07-21 14:44:05',88);
insert into SegmentoVideo values(21,'10:30:41','2018-07-21 14:44:05',88);
insert into SegmentoVideo values(22,'00:39:38','2018-07-21 14:44:05',88);
insert into SegmentoVideo values(23,'01:34:18','2018-07-21 14:44:05',88);
insert into SegmentoVideo values(24,'03:39:20','2018-07-21 14:44:05',88);
insert into SegmentoVideo values(25,'01:10:55','2018-07-21 14:44:05',88);
insert into SegmentoVideo values(26,'01:18:23','2018-07-21 14:44:05',88);
insert into SegmentoVideo values(27,'00:57:47','2018-07-21 14:44:05',88);
insert into SegmentoVideo values(28,'05:18:57','2018-07-21 14:44:05',88);
insert into SegmentoVideo values(1,'18:55:31','2018-01-27 17:41:17',19);
insert into SegmentoVideo values(2,'04:31:39','2018-01-27 17:41:17',19);
insert into SegmentoVideo values(3,'19:00:04','2018-01-27 17:41:17',19);
insert into SegmentoVideo values(4,'23:39:33','2018-01-27 17:41:17',19);
insert into SegmentoVideo values(5,'18:07:08','2018-01-27 17:41:17',19);
insert into SegmentoVideo values(6,'23:29:49','2018-01-27 17:41:17',19);
insert into SegmentoVideo values(7,'19:56:14','2018-01-27 17:41:17',19);
insert into SegmentoVideo values(8,'05:39:01','2018-01-27 17:41:17',19);
insert into SegmentoVideo values(9,'22:56:53','2018-01-27 17:41:17',19);
insert into SegmentoVideo values(10,'22:05:12','2018-01-27 17:41:17',19);
insert into SegmentoVideo values(11,'00:04:39','2018-01-27 17:41:17',19);
insert into SegmentoVideo values(12,'06:38:27','2018-01-27 17:41:17',19);
insert into SegmentoVideo values(13,'16:51:15','2018-01-27 17:41:17',19);
insert into SegmentoVideo values(14,'13:07:18','2018-01-27 17:41:17',19);
insert into SegmentoVideo values(15,'17:46:44','2018-01-27 17:41:17',19);
insert into SegmentoVideo values(16,'20:32:43','2018-01-27 17:41:17',19);
insert into SegmentoVideo values(17,'07:35:28','2018-01-27 17:41:17',19);
insert into SegmentoVideo values(18,'20:08:11','2018-01-27 17:41:17',19);
insert into SegmentoVideo values(19,'07:44:41','2018-01-27 17:41:17',19);
insert into SegmentoVideo values(20,'03:09:20','2018-01-27 17:41:17',19);
insert into SegmentoVideo values(21,'04:10:42','2018-01-27 17:41:17',19);
insert into SegmentoVideo values(22,'01:53:08','2018-01-27 17:41:17',19);
insert into SegmentoVideo values(23,'06:06:09','2018-01-27 17:41:17',19);
insert into SegmentoVideo values(24,'10:00:10','2018-01-27 17:41:17',19);
insert into SegmentoVideo values(25,'02:23:41','2018-01-27 17:41:17',19);
insert into SegmentoVideo values(26,'00:52:26','2018-01-27 17:41:17',19);
insert into SegmentoVideo values(27,'00:19:38','2018-01-27 17:41:17',19);
insert into SegmentoVideo values(28,'03:07:21','2018-01-27 17:41:17',19);
insert into SegmentoVideo values(29,'01:16:34','2018-01-27 17:41:17',19);
insert into SegmentoVideo values(30,'02:08:21','2018-01-27 17:41:17',19);
insert into SegmentoVideo values(31,'05:13:12','2018-01-27 17:41:17',19);
insert into SegmentoVideo values(1,'01:12:27','2018-01-22 09:29:46',8);
insert into SegmentoVideo values(2,'07:06:29','2018-01-22 09:29:46',8);
insert into SegmentoVideo values(3,'10:30:09','2018-01-22 09:29:46',8);
insert into SegmentoVideo values(4,'20:42:36','2018-01-22 09:29:46',8);
insert into SegmentoVideo values(5,'05:42:33','2018-01-22 09:29:46',8);
insert into SegmentoVideo values(6,'01:02:11','2018-01-22 09:29:46',8);
insert into SegmentoVideo values(7,'13:08:44','2018-01-22 09:29:46',8);
insert into SegmentoVideo values(8,'19:02:29','2018-01-22 09:29:46',8);
insert into SegmentoVideo values(9,'17:23:14','2018-01-22 09:29:46',8);
insert into SegmentoVideo values(10,'18:15:40','2018-01-22 09:29:46',8);
insert into SegmentoVideo values(11,'10:37:55','2018-01-22 09:29:46',8);
insert into SegmentoVideo values(12,'09:20:54','2018-01-22 09:29:46',8);
insert into SegmentoVideo values(13,'02:29:48','2018-01-22 09:29:46',8);
insert into SegmentoVideo values(14,'23:58:50','2018-01-22 09:29:46',8);
insert into SegmentoVideo values(15,'17:36:53','2018-01-22 09:29:46',8);
insert into SegmentoVideo values(16,'14:01:49','2018-01-22 09:29:46',8);
insert into SegmentoVideo values(17,'00:43:37','2018-01-22 09:29:46',8);
insert into SegmentoVideo values(18,'05:45:50','2018-01-22 09:29:46',8);
insert into SegmentoVideo values(19,'14:37:48','2018-01-22 09:29:46',8);
insert into SegmentoVideo values(20,'01:19:18','2018-01-22 09:29:46',8);
insert into SegmentoVideo values(21,'06:40:52','2018-01-22 09:29:46',8);
insert into SegmentoVideo values(22,'00:19:16','2018-01-22 09:29:46',8);
insert into SegmentoVideo values(23,'04:43:12','2018-01-22 09:29:46',8);
insert into SegmentoVideo values(24,'06:46:51','2018-01-22 09:29:46',8);
insert into SegmentoVideo values(25,'01:26:14','2018-01-22 09:29:46',8);
insert into SegmentoVideo values(26,'04:10:46','2018-01-22 09:29:46',8);
insert into SegmentoVideo values(27,'01:35:39','2018-01-22 09:29:46',8);
insert into SegmentoVideo values(28,'05:29:08','2018-01-22 09:29:46',8);
insert into SegmentoVideo values(1,'20:28:49','2018-04-10 11:34:20',1);
insert into SegmentoVideo values(2,'01:36:04','2018-04-10 11:34:20',1);
insert into SegmentoVideo values(3,'22:43:19','2018-04-10 11:34:20',1);
insert into SegmentoVideo values(4,'21:21:33','2018-04-10 11:34:20',1);
insert into SegmentoVideo values(5,'14:32:45','2018-04-10 11:34:20',1);
insert into SegmentoVideo values(6,'02:52:09','2018-04-10 11:34:20',1);
insert into SegmentoVideo values(7,'21:35:02','2018-04-10 11:34:20',1);
insert into SegmentoVideo values(8,'19:46:33','2018-04-10 11:34:20',1);
insert into SegmentoVideo values(9,'02:04:31','2018-04-10 11:34:20',1);
insert into SegmentoVideo values(10,'00:39:25','2018-04-10 11:34:20',1);
insert into SegmentoVideo values(11,'19:47:00','2018-04-10 11:34:20',1);
insert into SegmentoVideo values(12,'00:37:28','2018-04-10 11:34:20',1);
insert into SegmentoVideo values(13,'11:32:58','2018-04-10 11:34:20',1);
insert into SegmentoVideo values(14,'17:53:47','2018-04-10 11:34:20',1);
insert into SegmentoVideo values(15,'03:38:28','2018-04-10 11:34:20',1);
insert into SegmentoVideo values(16,'06:34:59','2018-04-10 11:34:20',1);
insert into SegmentoVideo values(17,'05:09:41','2018-04-10 11:34:20',1);
insert into SegmentoVideo values(18,'02:32:31','2018-04-10 11:34:20',1);
insert into SegmentoVideo values(19,'00:52:50','2018-04-10 11:34:20',1);
insert into SegmentoVideo values(20,'00:22:55','2018-04-10 11:34:20',1);
insert into SegmentoVideo values(21,'01:03:01','2018-04-10 11:34:20',1);
insert into SegmentoVideo values(22,'00:55:43','2018-04-10 11:34:20',1);
insert into SegmentoVideo values(23,'04:43:07','2018-04-10 11:34:20',1);
insert into SegmentoVideo values(1,'11:07:08','2018-05-09 11:56:15',45);
insert into SegmentoVideo values(2,'19:47:55','2018-05-09 11:56:15',45);
insert into SegmentoVideo values(3,'01:07:28','2018-05-09 11:56:15',45);
insert into SegmentoVideo values(4,'14:36:26','2018-05-09 11:56:15',45);
insert into SegmentoVideo values(5,'05:54:15','2018-05-09 11:56:15',45);
insert into SegmentoVideo values(6,'01:28:10','2018-05-09 11:56:15',45);
insert into SegmentoVideo values(7,'22:25:45','2018-05-09 11:56:15',45);
insert into SegmentoVideo values(8,'21:50:46','2018-05-09 11:56:15',45);
insert into SegmentoVideo values(9,'08:49:47','2018-05-09 11:56:15',45);
insert into SegmentoVideo values(10,'16:31:22','2018-05-09 11:56:15',45);
insert into SegmentoVideo values(11,'21:42:11','2018-05-09 11:56:15',45);
insert into SegmentoVideo values(12,'03:19:22','2018-05-09 11:56:15',45);
insert into SegmentoVideo values(13,'12:18:26','2018-05-09 11:56:15',45);
insert into SegmentoVideo values(14,'14:19:57','2018-05-09 11:56:15',45);
insert into SegmentoVideo values(15,'20:26:27','2018-05-09 11:56:15',45);
insert into SegmentoVideo values(16,'11:15:49','2018-05-09 11:56:15',45);
insert into SegmentoVideo values(17,'18:36:44','2018-05-09 11:56:15',45);
insert into SegmentoVideo values(18,'09:04:56','2018-05-09 11:56:15',45);
insert into SegmentoVideo values(19,'03:17:22','2018-05-09 11:56:15',45);
insert into SegmentoVideo values(20,'05:38:56','2018-05-09 11:56:15',45);
insert into SegmentoVideo values(21,'01:12:37','2018-05-09 11:56:15',45);
insert into SegmentoVideo values(22,'00:39:25','2018-05-09 11:56:15',45);
insert into SegmentoVideo values(23,'00:29:49','2018-05-09 11:56:15',45);
insert into SegmentoVideo values(24,'02:20:56','2018-05-09 11:56:15',45);
insert into SegmentoVideo values(25,'00:45:53','2018-05-09 11:56:15',45);
insert into SegmentoVideo values(26,'00:05:15','2018-05-09 11:56:15',45);
insert into SegmentoVideo values(27,'01:23:53','2018-05-09 11:56:15',45);
insert into SegmentoVideo values(28,'04:42:06','2018-05-09 11:56:15',45);
insert into SegmentoVideo values(1,'16:16:40','2018-10-04 02:59:26',43);
insert into SegmentoVideo values(2,'13:13:30','2018-10-04 02:59:26',43);
insert into SegmentoVideo values(3,'00:23:04','2018-10-04 02:59:26',43);
insert into SegmentoVideo values(4,'01:58:35','2018-10-04 02:59:26',43);
insert into SegmentoVideo values(5,'15:53:57','2018-10-04 02:59:26',43);
insert into SegmentoVideo values(6,'17:02:14','2018-10-04 02:59:26',43);
insert into SegmentoVideo values(7,'20:59:09','2018-10-04 02:59:26',43);
insert into SegmentoVideo values(8,'17:41:27','2018-10-04 02:59:26',43);
insert into SegmentoVideo values(9,'12:59:13','2018-10-04 02:59:26',43);
insert into SegmentoVideo values(10,'23:02:12','2018-10-04 02:59:26',43);
insert into SegmentoVideo values(11,'01:36:48','2018-10-04 02:59:26',43);
insert into SegmentoVideo values(12,'11:54:20','2018-10-04 02:59:26',43);
insert into SegmentoVideo values(13,'00:02:21','2018-10-04 02:59:26',43);
insert into SegmentoVideo values(14,'00:12:02','2018-10-04 02:59:26',43);
insert into SegmentoVideo values(15,'05:20:33','2018-10-04 02:59:26',43);
insert into SegmentoVideo values(16,'03:06:31','2018-10-04 02:59:26',43);
insert into SegmentoVideo values(17,'00:13:05','2018-10-04 02:59:26',43);
insert into SegmentoVideo values(18,'00:40:13','2018-10-04 02:59:26',43);
insert into SegmentoVideo values(19,'00:25:50','2018-10-04 02:59:26',43);
insert into SegmentoVideo values(20,'05:14:06','2018-10-04 02:59:26',43);
insert into SegmentoVideo values(1,'23:18:01','2018-07-04 01:38:57',64);
insert into SegmentoVideo values(2,'07:30:10','2018-07-04 01:38:57',64);
insert into SegmentoVideo values(3,'03:40:47','2018-07-04 01:38:57',64);
insert into SegmentoVideo values(4,'04:29:28','2018-07-04 01:38:57',64);
insert into SegmentoVideo values(5,'20:03:19','2018-07-04 01:38:57',64);
insert into SegmentoVideo values(6,'23:17:07','2018-07-04 01:38:57',64);
insert into SegmentoVideo values(7,'22:41:31','2018-07-04 01:38:57',64);
insert into SegmentoVideo values(8,'21:02:23','2018-07-04 01:38:57',64);
insert into SegmentoVideo values(9,'15:01:12','2018-07-04 01:38:57',64);
insert into SegmentoVideo values(10,'15:39:55','2018-07-04 01:38:57',64);
insert into SegmentoVideo values(11,'08:33:10','2018-07-04 01:38:57',64);
insert into SegmentoVideo values(12,'13:33:35','2018-07-04 01:38:57',64);
insert into SegmentoVideo values(13,'04:38:41','2018-07-04 01:38:57',64);
insert into SegmentoVideo values(14,'02:18:54','2018-07-04 01:38:57',64);
insert into SegmentoVideo values(15,'09:23:43','2018-07-04 01:38:57',64);
insert into SegmentoVideo values(16,'01:03:45','2018-07-04 01:38:57',64);
insert into SegmentoVideo values(17,'01:16:42','2018-07-04 01:38:57',64);
insert into SegmentoVideo values(18,'01:09:53','2018-07-04 01:38:57',64);
insert into SegmentoVideo values(19,'02:18:03','2018-07-04 01:38:57',64);
insert into SegmentoVideo values(20,'04:32:07','2018-07-04 01:38:57',64);
insert into SegmentoVideo values(21,'01:42:10','2018-07-04 01:38:57',64);
insert into SegmentoVideo values(22,'00:41:00','2018-07-04 01:38:57',64);
insert into SegmentoVideo values(23,'00:10:50','2018-07-04 01:38:57',64);
insert into SegmentoVideo values(24,'00:10:06','2018-07-04 01:38:57',64);
insert into SegmentoVideo values(25,'01:13:43','2018-07-04 01:38:57',64);
insert into SegmentoVideo values(26,'05:10:05','2018-07-04 01:38:57',64);
insert into SegmentoVideo values(1,'08:31:40','2018-05-08 08:48:17',45);
insert into SegmentoVideo values(2,'23:56:10','2018-05-08 08:48:17',45);
insert into SegmentoVideo values(3,'00:21:23','2018-05-08 08:48:17',45);
insert into SegmentoVideo values(4,'04:13:19','2018-05-08 08:48:17',45);
insert into SegmentoVideo values(5,'03:14:56','2018-05-08 08:48:17',45);
insert into SegmentoVideo values(6,'18:21:19','2018-05-08 08:48:17',45);
insert into SegmentoVideo values(7,'17:24:43','2018-05-08 08:48:17',45);
insert into SegmentoVideo values(8,'14:33:55','2018-05-08 08:48:17',45);
insert into SegmentoVideo values(9,'10:35:24','2018-05-08 08:48:17',45);
insert into SegmentoVideo values(10,'11:58:56','2018-05-08 08:48:17',45);
insert into SegmentoVideo values(11,'21:44:22','2018-05-08 08:48:17',45);
insert into SegmentoVideo values(12,'00:10:59','2018-05-08 08:48:17',45);
insert into SegmentoVideo values(13,'13:49:14','2018-05-08 08:48:17',45);
insert into SegmentoVideo values(14,'00:13:05','2018-05-08 08:48:17',45);
insert into SegmentoVideo values(15,'17:20:54','2018-05-08 08:48:17',45);
insert into SegmentoVideo values(16,'01:31:47','2018-05-08 08:48:17',45);
insert into SegmentoVideo values(17,'05:12:04','2018-05-08 08:48:17',45);
insert into SegmentoVideo values(18,'00:00:12','2018-05-08 08:48:17',45);
insert into SegmentoVideo values(19,'04:22:32','2018-05-08 08:48:17',45);
insert into SegmentoVideo values(20,'03:09:30','2018-05-08 08:48:17',45);
insert into SegmentoVideo values(21,'03:59:38','2018-05-08 08:48:17',45);
insert into SegmentoVideo values(22,'00:31:29','2018-05-08 08:48:17',45);
insert into SegmentoVideo values(23,'01:26:52','2018-05-08 08:48:17',45);
insert into SegmentoVideo values(24,'00:02:59','2018-05-08 08:48:17',45);
insert into SegmentoVideo values(25,'00:11:13','2018-05-08 08:48:17',45);
insert into SegmentoVideo values(26,'05:33:19','2018-05-08 08:48:17',45);
insert into SegmentoVideo values(1,'10:29:56','2018-02-12 00:55:48',7);
insert into SegmentoVideo values(2,'08:17:51','2018-02-12 00:55:48',7);
insert into SegmentoVideo values(3,'13:38:15','2018-02-12 00:55:48',7);
insert into SegmentoVideo values(4,'20:40:06','2018-02-12 00:55:48',7);
insert into SegmentoVideo values(5,'06:16:11','2018-02-12 00:55:48',7);
insert into SegmentoVideo values(6,'12:33:54','2018-02-12 00:55:48',7);
insert into SegmentoVideo values(7,'03:00:10','2018-02-12 00:55:48',7);
insert into SegmentoVideo values(8,'06:20:05','2018-02-12 00:55:48',7);
insert into SegmentoVideo values(9,'12:36:27','2018-02-12 00:55:48',7);
insert into SegmentoVideo values(10,'12:59:40','2018-02-12 00:55:48',7);
insert into SegmentoVideo values(11,'13:37:18','2018-02-12 00:55:48',7);
insert into SegmentoVideo values(12,'18:44:29','2018-02-12 00:55:48',7);
insert into SegmentoVideo values(13,'23:00:18','2018-02-12 00:55:48',7);
insert into SegmentoVideo values(14,'15:22:53','2018-02-12 00:55:48',7);
insert into SegmentoVideo values(15,'15:43:59','2018-02-12 00:55:48',7);
insert into SegmentoVideo values(16,'13:34:04','2018-02-12 00:55:48',7);
insert into SegmentoVideo values(17,'14:26:23','2018-02-12 00:55:48',7);
insert into SegmentoVideo values(18,'00:01:54','2018-02-12 00:55:48',7);
insert into SegmentoVideo values(19,'00:04:55','2018-02-12 00:55:48',7);
insert into SegmentoVideo values(20,'06:08:30','2018-02-12 00:55:48',7);
insert into SegmentoVideo values(21,'02:23:09','2018-02-12 00:55:48',7);
insert into SegmentoVideo values(22,'02:25:23','2018-02-12 00:55:48',7);
insert into SegmentoVideo values(23,'00:53:04','2018-02-12 00:55:48',7);
insert into SegmentoVideo values(24,'00:40:09','2018-02-12 00:55:48',7);
insert into SegmentoVideo values(25,'05:21:24','2018-02-12 00:55:48',7);
insert into SegmentoVideo values(1,'02:50:01','2018-01-10 10:18:52',40);
insert into SegmentoVideo values(2,'14:34:25','2018-01-10 10:18:52',40);
insert into SegmentoVideo values(3,'21:50:45','2018-01-10 10:18:52',40);
insert into SegmentoVideo values(4,'18:08:34','2018-01-10 10:18:52',40);
insert into SegmentoVideo values(5,'04:22:27','2018-01-10 10:18:52',40);
insert into SegmentoVideo values(6,'12:08:55','2018-01-10 10:18:52',40);
insert into SegmentoVideo values(7,'11:35:12','2018-01-10 10:18:52',40);
insert into SegmentoVideo values(8,'21:37:35','2018-01-10 10:18:52',40);
insert into SegmentoVideo values(9,'09:36:02','2018-01-10 10:18:52',40);
insert into SegmentoVideo values(10,'09:44:40','2018-01-10 10:18:52',40);
insert into SegmentoVideo values(11,'22:18:53','2018-01-10 10:18:52',40);
insert into SegmentoVideo values(12,'18:18:12','2018-01-10 10:18:52',40);
insert into SegmentoVideo values(13,'14:56:28','2018-01-10 10:18:52',40);
insert into SegmentoVideo values(14,'02:56:42','2018-01-10 10:18:52',40);
insert into SegmentoVideo values(15,'05:09:07','2018-01-10 10:18:52',40);
insert into SegmentoVideo values(16,'04:57:21','2018-01-10 10:18:52',40);
insert into SegmentoVideo values(17,'01:14:58','2018-01-10 10:18:52',40);
insert into SegmentoVideo values(18,'01:44:30','2018-01-10 10:18:52',40);
insert into SegmentoVideo values(19,'04:50:28','2018-01-10 10:18:52',40);
insert into SegmentoVideo values(1,'21:04:44','2018-01-02 20:47:08',2);
insert into SegmentoVideo values(2,'23:14:36','2018-01-02 20:47:08',2);
insert into SegmentoVideo values(3,'07:34:55','2018-01-02 20:47:08',2);
insert into SegmentoVideo values(4,'01:53:16','2018-01-02 20:47:08',2);
insert into SegmentoVideo values(5,'20:45:27','2018-01-02 20:47:08',2);
insert into SegmentoVideo values(6,'12:45:42','2018-01-02 20:47:08',2);
insert into SegmentoVideo values(7,'02:09:40','2018-01-02 20:47:08',2);
insert into SegmentoVideo values(8,'04:03:03','2018-01-02 20:47:08',2);
insert into SegmentoVideo values(9,'10:06:48','2018-01-02 20:47:08',2);
insert into SegmentoVideo values(10,'13:12:41','2018-01-02 20:47:08',2);
insert into SegmentoVideo values(11,'19:52:28','2018-01-02 20:47:08',2);
insert into SegmentoVideo values(12,'16:56:41','2018-01-02 20:47:08',2);
insert into SegmentoVideo values(13,'05:15:56','2018-01-02 20:47:08',2);
insert into SegmentoVideo values(14,'09:25:18','2018-01-02 20:47:08',2);
insert into SegmentoVideo values(15,'05:39:30','2018-01-02 20:47:08',2);
insert into SegmentoVideo values(16,'01:01:54','2018-01-02 20:47:08',2);
insert into SegmentoVideo values(17,'03:37:08','2018-01-02 20:47:08',2);
insert into SegmentoVideo values(18,'06:09:25','2018-01-02 20:47:08',2);
insert into SegmentoVideo values(19,'00:52:56','2018-01-02 20:47:08',2);
insert into SegmentoVideo values(20,'03:31:23','2018-01-02 20:47:08',2);
insert into SegmentoVideo values(21,'02:06:00','2018-01-02 20:47:08',2);
insert into SegmentoVideo values(22,'00:14:04','2018-01-02 20:47:08',2);
insert into SegmentoVideo values(23,'00:56:15','2018-01-02 20:47:08',2);
insert into SegmentoVideo values(24,'00:49:26','2018-01-02 20:47:08',2);
insert into SegmentoVideo values(25,'04:52:09','2018-01-02 20:47:08',2);
insert into SegmentoVideo values(1,'02:47:52','2018-01-26 07:08:22',80);
insert into SegmentoVideo values(2,'18:07:09','2018-01-26 07:08:22',80);
insert into SegmentoVideo values(3,'03:26:19','2018-01-26 07:08:22',80);
insert into SegmentoVideo values(4,'04:44:55','2018-01-26 07:08:22',80);
insert into SegmentoVideo values(5,'12:32:31','2018-01-26 07:08:22',80);
insert into SegmentoVideo values(6,'23:38:26','2018-01-26 07:08:22',80);
insert into SegmentoVideo values(7,'06:16:43','2018-01-26 07:08:22',80);
insert into SegmentoVideo values(8,'17:10:28','2018-01-26 07:08:22',80);
insert into SegmentoVideo values(9,'14:32:42','2018-01-26 07:08:22',80);
insert into SegmentoVideo values(10,'10:34:27','2018-01-26 07:08:22',80);
insert into SegmentoVideo values(11,'13:08:45','2018-01-26 07:08:22',80);
insert into SegmentoVideo values(12,'04:41:03','2018-01-26 07:08:22',80);
insert into SegmentoVideo values(13,'05:41:32','2018-01-26 07:08:22',80);
insert into SegmentoVideo values(14,'14:47:28','2018-01-26 07:08:22',80);
insert into SegmentoVideo values(15,'20:53:08','2018-01-26 07:08:22',80);
insert into SegmentoVideo values(16,'08:32:29','2018-01-26 07:08:22',80);
insert into SegmentoVideo values(17,'00:37:11','2018-01-26 07:08:22',80);
insert into SegmentoVideo values(18,'00:47:03','2018-01-26 07:08:22',80);
insert into SegmentoVideo values(19,'07:02:29','2018-01-26 07:08:22',80);
insert into SegmentoVideo values(20,'05:04:30','2018-01-26 07:08:22',80);
insert into SegmentoVideo values(21,'00:25:44','2018-01-26 07:08:22',80);
insert into SegmentoVideo values(22,'02:13:58','2018-01-26 07:08:22',80);
insert into SegmentoVideo values(23,'00:34:20','2018-01-26 07:08:22',80);
insert into SegmentoVideo values(24,'00:37:28','2018-01-26 07:08:22',80);
insert into SegmentoVideo values(25,'05:00:21','2018-01-26 07:08:22',80);
insert into SegmentoVideo values(1,'06:08:32','2018-05-23 10:20:36',7);
insert into SegmentoVideo values(2,'03:57:19','2018-05-23 10:20:36',7);
insert into SegmentoVideo values(3,'03:09:56','2018-05-23 10:20:36',7);
insert into SegmentoVideo values(4,'15:53:10','2018-05-23 10:20:36',7);
insert into SegmentoVideo values(5,'18:48:02','2018-05-23 10:20:36',7);
insert into SegmentoVideo values(6,'06:51:03','2018-05-23 10:20:36',7);
insert into SegmentoVideo values(7,'10:31:17','2018-05-23 10:20:36',7);
insert into SegmentoVideo values(8,'20:23:25','2018-05-23 10:20:36',7);
insert into SegmentoVideo values(9,'15:49:33','2018-05-23 10:20:36',7);
insert into SegmentoVideo values(10,'03:26:47','2018-05-23 10:20:36',7);
insert into SegmentoVideo values(11,'05:40:44','2018-05-23 10:20:36',7);
insert into SegmentoVideo values(12,'00:08:15','2018-05-23 10:20:36',7);
insert into SegmentoVideo values(13,'07:53:36','2018-05-23 10:20:36',7);
insert into SegmentoVideo values(14,'08:13:42','2018-05-23 10:20:36',7);
insert into SegmentoVideo values(15,'10:07:45','2018-05-23 10:20:36',7);
insert into SegmentoVideo values(16,'06:25:23','2018-05-23 10:20:36',7);
insert into SegmentoVideo values(17,'00:02:18','2018-05-23 10:20:36',7);
insert into SegmentoVideo values(18,'03:32:46','2018-05-23 10:20:36',7);
insert into SegmentoVideo values(19,'00:11:35','2018-05-23 10:20:36',7);
insert into SegmentoVideo values(20,'01:12:30','2018-05-23 10:20:36',7);
insert into SegmentoVideo values(21,'04:56:50','2018-05-23 10:20:36',7);
insert into SegmentoVideo values(1,'00:30:15','2018-06-02 00:51:49',13);
insert into SegmentoVideo values(2,'05:31:14','2018-06-02 00:51:49',13);
insert into SegmentoVideo values(3,'06:44:21','2018-06-02 00:51:49',13);
insert into SegmentoVideo values(4,'17:03:54','2018-06-02 00:51:49',13);
insert into SegmentoVideo values(5,'04:22:08','2018-06-02 00:51:49',13);
insert into SegmentoVideo values(6,'12:41:24','2018-06-02 00:51:49',13);
insert into SegmentoVideo values(7,'05:45:30','2018-06-02 00:51:49',13);
insert into SegmentoVideo values(8,'10:10:30','2018-06-02 00:51:49',13);
insert into SegmentoVideo values(9,'20:52:05','2018-06-02 00:51:49',13);
insert into SegmentoVideo values(10,'14:33:43','2018-06-02 00:51:49',13);
insert into SegmentoVideo values(11,'04:09:08','2018-06-02 00:51:49',13);
insert into SegmentoVideo values(12,'01:46:44','2018-06-02 00:51:49',13);
insert into SegmentoVideo values(13,'18:12:30','2018-06-02 00:51:49',13);
insert into SegmentoVideo values(14,'16:03:57','2018-06-02 00:51:49',13);
insert into SegmentoVideo values(15,'05:55:37','2018-06-02 00:51:49',13);
insert into SegmentoVideo values(16,'19:57:11','2018-06-02 00:51:49',13);
insert into SegmentoVideo values(17,'13:57:04','2018-06-02 00:51:49',13);
insert into SegmentoVideo values(18,'06:41:50','2018-06-02 00:51:49',13);
insert into SegmentoVideo values(19,'07:15:53','2018-06-02 00:51:49',13);
insert into SegmentoVideo values(20,'01:32:15','2018-06-02 00:51:49',13);
insert into SegmentoVideo values(21,'02:44:15','2018-06-02 00:51:49',13);
insert into SegmentoVideo values(22,'02:19:11','2018-06-02 00:51:49',13);
insert into SegmentoVideo values(23,'02:42:24','2018-06-02 00:51:49',13);
insert into SegmentoVideo values(24,'04:09:03','2018-06-02 00:51:49',13);
insert into SegmentoVideo values(25,'00:02:18','2018-06-02 00:51:49',13);
insert into SegmentoVideo values(26,'00:33:40','2018-06-02 00:51:49',13);
insert into SegmentoVideo values(27,'01:09:46','2018-06-02 00:51:49',13);
insert into SegmentoVideo values(28,'05:29:54','2018-06-02 00:51:49',13);
insert into SegmentoVideo values(1,'08:55:28','2018-12-11 03:32:50',80);
insert into SegmentoVideo values(2,'22:50:57','2018-12-11 03:32:50',80);
insert into SegmentoVideo values(3,'06:33:07','2018-12-11 03:32:50',80);
insert into SegmentoVideo values(4,'11:47:19','2018-12-11 03:32:50',80);
insert into SegmentoVideo values(5,'21:16:07','2018-12-11 03:32:50',80);
insert into SegmentoVideo values(6,'03:21:51','2018-12-11 03:32:50',80);
insert into SegmentoVideo values(7,'08:48:42','2018-12-11 03:32:50',80);
insert into SegmentoVideo values(8,'08:40:55','2018-12-11 03:32:50',80);
insert into SegmentoVideo values(9,'10:32:00','2018-12-11 03:32:50',80);
insert into SegmentoVideo values(10,'07:28:16','2018-12-11 03:32:50',80);
insert into SegmentoVideo values(11,'05:28:12','2018-12-11 03:32:50',80);
insert into SegmentoVideo values(12,'00:10:48','2018-12-11 03:32:50',80);
insert into SegmentoVideo values(13,'01:22:51','2018-12-11 03:32:50',80);
insert into SegmentoVideo values(14,'02:49:57','2018-12-11 03:32:50',80);
insert into SegmentoVideo values(15,'03:32:46','2018-12-11 03:32:50',80);
insert into SegmentoVideo values(16,'10:45:57','2018-12-11 03:32:50',80);
insert into SegmentoVideo values(17,'00:03:02','2018-12-11 03:32:50',80);
insert into SegmentoVideo values(18,'00:08:24','2018-12-11 03:32:50',80);
insert into SegmentoVideo values(19,'05:35:10','2018-12-11 03:32:50',80);
insert into SegmentoVideo values(20,'02:36:58','2018-12-11 03:32:50',80);
insert into SegmentoVideo values(21,'01:10:49','2018-12-11 03:32:50',80);
insert into SegmentoVideo values(22,'05:14:41','2018-12-11 03:32:50',80);
insert into SegmentoVideo values(1,'19:40:13','2018-01-31 17:48:16',94);
insert into SegmentoVideo values(2,'21:35:10','2018-01-31 17:48:16',94);
insert into SegmentoVideo values(3,'11:38:55','2018-01-31 17:48:16',94);
insert into SegmentoVideo values(4,'09:49:54','2018-01-31 17:48:16',94);
insert into SegmentoVideo values(5,'11:10:15','2018-01-31 17:48:16',94);
insert into SegmentoVideo values(6,'09:27:55','2018-01-31 17:48:16',94);
insert into SegmentoVideo values(7,'04:59:25','2018-01-31 17:48:16',94);
insert into SegmentoVideo values(8,'14:07:48','2018-01-31 17:48:16',94);
insert into SegmentoVideo values(9,'22:10:23','2018-01-31 17:48:16',94);
insert into SegmentoVideo values(10,'00:25:39','2018-01-31 17:48:16',94);
insert into SegmentoVideo values(11,'03:45:51','2018-01-31 17:48:16',94);
insert into SegmentoVideo values(12,'04:02:45','2018-01-31 17:48:16',94);
insert into SegmentoVideo values(13,'11:48:03','2018-01-31 17:48:16',94);
insert into SegmentoVideo values(14,'03:07:20','2018-01-31 17:48:16',94);
insert into SegmentoVideo values(15,'08:05:43','2018-01-31 17:48:16',94);
insert into SegmentoVideo values(16,'18:03:48','2018-01-31 17:48:16',94);
insert into SegmentoVideo values(17,'09:22:19','2018-01-31 17:48:16',94);
insert into SegmentoVideo values(18,'08:21:04','2018-01-31 17:48:16',94);
insert into SegmentoVideo values(19,'08:36:57','2018-01-31 17:48:16',94);
insert into SegmentoVideo values(20,'06:36:21','2018-01-31 17:48:16',94);
insert into SegmentoVideo values(21,'04:43:33','2018-01-31 17:48:16',94);
insert into SegmentoVideo values(22,'02:41:59','2018-01-31 17:48:16',94);
insert into SegmentoVideo values(23,'00:52:34','2018-01-31 17:48:16',94);
insert into SegmentoVideo values(24,'01:39:23','2018-01-31 17:48:16',94);
insert into SegmentoVideo values(25,'05:28:32','2018-01-31 17:48:16',94);
insert into SegmentoVideo values(1,'23:16:33','2018-03-13 17:50:10',43);
insert into SegmentoVideo values(2,'14:34:25','2018-03-13 17:50:10',43);
insert into SegmentoVideo values(3,'10:10:47','2018-03-13 17:50:10',43);
insert into SegmentoVideo values(4,'04:53:34','2018-03-13 17:50:10',43);
insert into SegmentoVideo values(5,'07:22:37','2018-03-13 17:50:10',43);
insert into SegmentoVideo values(6,'15:25:35','2018-03-13 17:50:10',43);
insert into SegmentoVideo values(7,'22:29:06','2018-03-13 17:50:10',43);
insert into SegmentoVideo values(8,'02:29:13','2018-03-13 17:50:10',43);
insert into SegmentoVideo values(9,'19:19:39','2018-03-13 17:50:10',43);
insert into SegmentoVideo values(10,'20:35:03','2018-03-13 17:50:10',43);
insert into SegmentoVideo values(11,'00:07:32','2018-03-13 17:50:10',43);
insert into SegmentoVideo values(12,'10:01:49','2018-03-13 17:50:10',43);
insert into SegmentoVideo values(13,'21:10:41','2018-03-13 17:50:10',43);
insert into SegmentoVideo values(14,'02:58:34','2018-03-13 17:50:10',43);
insert into SegmentoVideo values(15,'12:04:18','2018-03-13 17:50:10',43);
insert into SegmentoVideo values(16,'03:33:41','2018-03-13 17:50:10',43);
insert into SegmentoVideo values(17,'03:15:55','2018-03-13 17:50:10',43);
insert into SegmentoVideo values(18,'01:28:03','2018-03-13 17:50:10',43);
insert into SegmentoVideo values(19,'04:10:42','2018-03-13 17:50:10',43);
insert into SegmentoVideo values(20,'04:54:27','2018-03-13 17:50:10',43);
insert into SegmentoVideo values(21,'03:16:35','2018-03-13 17:50:10',43);
insert into SegmentoVideo values(22,'01:26:48','2018-03-13 17:50:10',43);
insert into SegmentoVideo values(23,'04:55:38','2018-03-13 17:50:10',43);
insert into SegmentoVideo values(1,'01:49:48','2018-11-05 00:48:21',82);
insert into SegmentoVideo values(2,'10:20:12','2018-11-05 00:48:21',82);
insert into SegmentoVideo values(3,'02:29:56','2018-11-05 00:48:21',82);
insert into SegmentoVideo values(4,'07:50:05','2018-11-05 00:48:21',82);
insert into SegmentoVideo values(5,'09:04:14','2018-11-05 00:48:21',82);
insert into SegmentoVideo values(6,'01:53:59','2018-11-05 00:48:21',82);
insert into SegmentoVideo values(7,'16:12:30','2018-11-05 00:48:21',82);
insert into SegmentoVideo values(8,'14:32:42','2018-11-05 00:48:21',82);
insert into SegmentoVideo values(9,'06:53:39','2018-11-05 00:48:21',82);
insert into SegmentoVideo values(10,'16:46:32','2018-11-05 00:48:21',82);
insert into SegmentoVideo values(11,'00:22:38','2018-11-05 00:48:21',82);
insert into SegmentoVideo values(12,'06:11:26','2018-11-05 00:48:21',82);
insert into SegmentoVideo values(13,'02:19:13','2018-11-05 00:48:21',82);
insert into SegmentoVideo values(14,'02:46:32','2018-11-05 00:48:21',82);
insert into SegmentoVideo values(15,'03:24:39','2018-11-05 00:48:21',82);
insert into SegmentoVideo values(16,'00:52:22','2018-11-05 00:48:21',82);
insert into SegmentoVideo values(17,'00:23:30','2018-11-05 00:48:21',82);
insert into SegmentoVideo values(18,'00:10:07','2018-11-05 00:48:21',82);
insert into SegmentoVideo values(19,'05:28:16','2018-11-05 00:48:21',82);
insert into SegmentoVideo values(1,'10:36:15','2018-10-05 23:13:59',6);
insert into SegmentoVideo values(2,'13:38:32','2018-10-05 23:13:59',6);
insert into SegmentoVideo values(3,'08:16:39','2018-10-05 23:13:59',6);
insert into SegmentoVideo values(4,'11:52:06','2018-10-05 23:13:59',6);
insert into SegmentoVideo values(5,'00:18:44','2018-10-05 23:13:59',6);
insert into SegmentoVideo values(6,'18:29:52','2018-10-05 23:13:59',6);
insert into SegmentoVideo values(7,'03:44:35','2018-10-05 23:13:59',6);
insert into SegmentoVideo values(8,'17:23:41','2018-10-05 23:13:59',6);
insert into SegmentoVideo values(9,'13:11:41','2018-10-05 23:13:59',6);
insert into SegmentoVideo values(10,'11:21:50','2018-10-05 23:13:59',6);
insert into SegmentoVideo values(11,'09:50:13','2018-10-05 23:13:59',6);
insert into SegmentoVideo values(12,'03:17:18','2018-10-05 23:13:59',6);
insert into SegmentoVideo values(13,'00:56:06','2018-10-05 23:13:59',6);
insert into SegmentoVideo values(14,'00:01:55','2018-10-05 23:13:59',6);
insert into SegmentoVideo values(15,'04:14:04','2018-10-05 23:13:59',6);
insert into SegmentoVideo values(16,'02:26:34','2018-10-05 23:13:59',6);
insert into SegmentoVideo values(17,'05:19:38','2018-10-05 23:13:59',6);
insert into SegmentoVideo values(1,'05:26:07','2018-04-01 03:27:30',69);
insert into SegmentoVideo values(2,'08:10:41','2018-04-01 03:27:30',69);
insert into SegmentoVideo values(3,'10:56:48','2018-04-01 03:27:30',69);
insert into SegmentoVideo values(4,'00:52:53','2018-04-01 03:27:30',69);
insert into SegmentoVideo values(5,'09:41:08','2018-04-01 03:27:30',69);
insert into SegmentoVideo values(6,'06:54:13','2018-04-01 03:27:30',69);
insert into SegmentoVideo values(7,'14:15:49','2018-04-01 03:27:30',69);
insert into SegmentoVideo values(8,'05:55:09','2018-04-01 03:27:30',69);
insert into SegmentoVideo values(9,'16:22:09','2018-04-01 03:27:30',69);
insert into SegmentoVideo values(10,'18:42:18','2018-04-01 03:27:30',69);
insert into SegmentoVideo values(11,'00:28:12','2018-04-01 03:27:30',69);
insert into SegmentoVideo values(12,'19:51:39','2018-04-01 03:27:30',69);
insert into SegmentoVideo values(13,'05:32:59','2018-04-01 03:27:30',69);
insert into SegmentoVideo values(14,'04:42:29','2018-04-01 03:27:30',69);
insert into SegmentoVideo values(15,'08:48:06','2018-04-01 03:27:30',69);
insert into SegmentoVideo values(16,'04:24:53','2018-04-01 03:27:30',69);
insert into SegmentoVideo values(17,'02:35:53','2018-04-01 03:27:30',69);
insert into SegmentoVideo values(18,'02:49:08','2018-04-01 03:27:30',69);
insert into SegmentoVideo values(19,'02:35:50','2018-04-01 03:27:30',69);
insert into SegmentoVideo values(20,'02:05:11','2018-04-01 03:27:30',69);
insert into SegmentoVideo values(21,'00:42:31','2018-04-01 03:27:30',69);
insert into SegmentoVideo values(22,'05:32:34','2018-04-01 03:27:30',69);
insert into SegmentoVideo values(1,'19:22:38','2018-05-12 15:07:57',11);
insert into SegmentoVideo values(2,'17:15:53','2018-05-12 15:07:57',11);
insert into SegmentoVideo values(3,'06:45:32','2018-05-12 15:07:57',11);
insert into SegmentoVideo values(4,'09:33:38','2018-05-12 15:07:57',11);
insert into SegmentoVideo values(5,'19:04:12','2018-05-12 15:07:57',11);
insert into SegmentoVideo values(6,'11:33:57','2018-05-12 15:07:57',11);
insert into SegmentoVideo values(7,'10:21:56','2018-05-12 15:07:57',11);
insert into SegmentoVideo values(8,'07:04:23','2018-05-12 15:07:57',11);
insert into SegmentoVideo values(9,'08:16:37','2018-05-12 15:07:57',11);
insert into SegmentoVideo values(10,'23:00:50','2018-05-12 15:07:57',11);
insert into SegmentoVideo values(11,'02:20:54','2018-05-12 15:07:57',11);
insert into SegmentoVideo values(12,'08:21:47','2018-05-12 15:07:57',11);
insert into SegmentoVideo values(13,'04:54:18','2018-05-12 15:07:57',11);
insert into SegmentoVideo values(14,'00:44:26','2018-05-12 15:07:57',11);
insert into SegmentoVideo values(15,'15:02:34','2018-05-12 15:07:57',11);
insert into SegmentoVideo values(16,'14:44:22','2018-05-12 15:07:57',11);
insert into SegmentoVideo values(17,'06:09:46','2018-05-12 15:07:57',11);
insert into SegmentoVideo values(18,'08:51:07','2018-05-12 15:07:57',11);
insert into SegmentoVideo values(19,'04:25:24','2018-05-12 15:07:57',11);
insert into SegmentoVideo values(20,'06:16:32','2018-05-12 15:07:57',11);
insert into SegmentoVideo values(21,'01:23:12','2018-05-12 15:07:57',11);
insert into SegmentoVideo values(22,'04:22:40','2018-05-12 15:07:57',11);
insert into SegmentoVideo values(23,'01:53:41','2018-05-12 15:07:57',11);
insert into SegmentoVideo values(24,'00:48:15','2018-05-12 15:07:57',11);
insert into SegmentoVideo values(25,'05:12:54','2018-05-12 15:07:57',11);
insert into SegmentoVideo values(1,'04:43:47','2018-08-01 15:36:12',87);
insert into SegmentoVideo values(2,'19:51:38','2018-08-01 15:36:12',87);
insert into SegmentoVideo values(3,'06:52:06','2018-08-01 15:36:12',87);
insert into SegmentoVideo values(4,'05:12:48','2018-08-01 15:36:12',87);
insert into SegmentoVideo values(5,'04:03:28','2018-08-01 15:36:12',87);
insert into SegmentoVideo values(6,'13:35:52','2018-08-01 15:36:12',87);
insert into SegmentoVideo values(7,'12:06:43','2018-08-01 15:36:12',87);
insert into SegmentoVideo values(8,'23:10:29','2018-08-01 15:36:12',87);
insert into SegmentoVideo values(9,'21:02:12','2018-08-01 15:36:12',87);
insert into SegmentoVideo values(10,'01:36:37','2018-08-01 15:36:12',87);
insert into SegmentoVideo values(11,'04:02:39','2018-08-01 15:36:12',87);
insert into SegmentoVideo values(12,'06:07:36','2018-08-01 15:36:12',87);
insert into SegmentoVideo values(13,'15:10:16','2018-08-01 15:36:12',87);
insert into SegmentoVideo values(14,'16:23:22','2018-08-01 15:36:12',87);
insert into SegmentoVideo values(15,'01:24:39','2018-08-01 15:36:12',87);
insert into SegmentoVideo values(16,'10:21:36','2018-08-01 15:36:12',87);
insert into SegmentoVideo values(17,'04:47:08','2018-08-01 15:36:12',87);
insert into SegmentoVideo values(18,'00:11:47','2018-08-01 15:36:12',87);
insert into SegmentoVideo values(19,'03:00:40','2018-08-01 15:36:12',87);
insert into SegmentoVideo values(20,'03:47:07','2018-08-01 15:36:12',87);
insert into SegmentoVideo values(21,'02:50:53','2018-08-01 15:36:12',87);
insert into SegmentoVideo values(22,'00:18:02','2018-08-01 15:36:12',87);
insert into SegmentoVideo values(23,'00:41:09','2018-08-01 15:36:12',87);
insert into SegmentoVideo values(24,'02:05:47','2018-08-01 15:36:12',87);
insert into SegmentoVideo values(25,'00:23:59','2018-08-01 15:36:12',87);
insert into SegmentoVideo values(26,'00:41:03','2018-08-01 15:36:12',87);
insert into SegmentoVideo values(27,'05:05:32','2018-08-01 15:36:12',87);
insert into SegmentoVideo values(1,'20:55:49','2018-10-03 05:07:09',69);
insert into SegmentoVideo values(2,'22:17:17','2018-10-03 05:07:09',69);
insert into SegmentoVideo values(3,'07:36:52','2018-10-03 05:07:09',69);
insert into SegmentoVideo values(4,'21:13:22','2018-10-03 05:07:09',69);
insert into SegmentoVideo values(5,'09:59:59','2018-10-03 05:07:09',69);
insert into SegmentoVideo values(6,'14:23:05','2018-10-03 05:07:09',69);
insert into SegmentoVideo values(7,'18:10:47','2018-10-03 05:07:09',69);
insert into SegmentoVideo values(8,'14:26:05','2018-10-03 05:07:09',69);
insert into SegmentoVideo values(9,'21:33:15','2018-10-03 05:07:09',69);
insert into SegmentoVideo values(10,'15:11:22','2018-10-03 05:07:09',69);
insert into SegmentoVideo values(11,'06:30:18','2018-10-03 05:07:09',69);
insert into SegmentoVideo values(12,'07:27:46','2018-10-03 05:07:09',69);
insert into SegmentoVideo values(13,'20:25:32','2018-10-03 05:07:09',69);
insert into SegmentoVideo values(14,'21:56:25','2018-10-03 05:07:09',69);
insert into SegmentoVideo values(15,'12:09:04','2018-10-03 05:07:09',69);
insert into SegmentoVideo values(16,'04:50:53','2018-10-03 05:07:09',69);
insert into SegmentoVideo values(17,'02:46:26','2018-10-03 05:07:09',69);
insert into SegmentoVideo values(18,'03:47:35','2018-10-03 05:07:09',69);
insert into SegmentoVideo values(19,'01:03:24','2018-10-03 05:07:09',69);
insert into SegmentoVideo values(20,'01:23:57','2018-10-03 05:07:09',69);
insert into SegmentoVideo values(21,'04:25:51','2018-10-03 05:07:09',69);
insert into SegmentoVideo values(1,'17:37:25','2018-03-13 21:23:35',63);
insert into SegmentoVideo values(2,'20:14:15','2018-03-13 21:23:35',63);
insert into SegmentoVideo values(3,'17:57:18','2018-03-13 21:23:35',63);
insert into SegmentoVideo values(4,'14:33:55','2018-03-13 21:23:35',63);
insert into SegmentoVideo values(5,'06:42:37','2018-03-13 21:23:35',63);
insert into SegmentoVideo values(6,'23:56:05','2018-03-13 21:23:35',63);
insert into SegmentoVideo values(7,'07:06:38','2018-03-13 21:23:35',63);
insert into SegmentoVideo values(8,'04:27:27','2018-03-13 21:23:35',63);
insert into SegmentoVideo values(9,'18:14:51','2018-03-13 21:23:35',63);
insert into SegmentoVideo values(10,'03:50:54','2018-03-13 21:23:35',63);
insert into SegmentoVideo values(11,'01:54:37','2018-03-13 21:23:35',63);
insert into SegmentoVideo values(12,'06:01:36','2018-03-13 21:23:35',63);
insert into SegmentoVideo values(13,'16:32:12','2018-03-13 21:23:35',63);
insert into SegmentoVideo values(14,'22:21:10','2018-03-13 21:23:35',63);
insert into SegmentoVideo values(15,'00:43:56','2018-03-13 21:23:35',63);
insert into SegmentoVideo values(16,'17:47:47','2018-03-13 21:23:35',63);
insert into SegmentoVideo values(17,'07:02:31','2018-03-13 21:23:35',63);
insert into SegmentoVideo values(18,'07:33:53','2018-03-13 21:23:35',63);
insert into SegmentoVideo values(19,'06:56:07','2018-03-13 21:23:35',63);
insert into SegmentoVideo values(20,'01:44:34','2018-03-13 21:23:35',63);
insert into SegmentoVideo values(21,'03:25:35','2018-03-13 21:23:35',63);
insert into SegmentoVideo values(22,'02:40:44','2018-03-13 21:23:35',63);
insert into SegmentoVideo values(23,'02:41:44','2018-03-13 21:23:35',63);
insert into SegmentoVideo values(24,'01:49:31','2018-03-13 21:23:35',63);
insert into SegmentoVideo values(25,'01:40:26','2018-03-13 21:23:35',63);
insert into SegmentoVideo values(26,'00:02:08','2018-03-13 21:23:35',63);
insert into SegmentoVideo values(27,'01:55:34','2018-03-13 21:23:35',63);
insert into SegmentoVideo values(28,'01:25:58','2018-03-13 21:23:35',63);
insert into SegmentoVideo values(29,'04:18:16','2018-03-13 21:23:35',63);
insert into SegmentoVideo values(1,'05:17:44','2018-03-10 10:13:53',59);
insert into SegmentoVideo values(2,'03:27:08','2018-03-10 10:13:53',59);
insert into SegmentoVideo values(3,'10:43:02','2018-03-10 10:13:53',59);
insert into SegmentoVideo values(4,'23:07:52','2018-03-10 10:13:53',59);
insert into SegmentoVideo values(5,'08:24:31','2018-03-10 10:13:53',59);
insert into SegmentoVideo values(6,'08:50:54','2018-03-10 10:13:53',59);
insert into SegmentoVideo values(7,'18:59:53','2018-03-10 10:13:53',59);
insert into SegmentoVideo values(8,'09:32:18','2018-03-10 10:13:53',59);
insert into SegmentoVideo values(9,'13:37:00','2018-03-10 10:13:53',59);
insert into SegmentoVideo values(10,'23:05:53','2018-03-10 10:13:53',59);
insert into SegmentoVideo values(11,'15:15:03','2018-03-10 10:13:53',59);
insert into SegmentoVideo values(12,'20:51:19','2018-03-10 10:13:53',59);
insert into SegmentoVideo values(13,'20:21:04','2018-03-10 10:13:53',59);
insert into SegmentoVideo values(14,'20:23:10','2018-03-10 10:13:53',59);
insert into SegmentoVideo values(15,'00:34:52','2018-03-10 10:13:53',59);
insert into SegmentoVideo values(16,'02:23:52','2018-03-10 10:13:53',59);
insert into SegmentoVideo values(17,'17:22:32','2018-03-10 10:13:53',59);
insert into SegmentoVideo values(18,'06:00:21','2018-03-10 10:13:53',59);
insert into SegmentoVideo values(19,'03:18:21','2018-03-10 10:13:53',59);
insert into SegmentoVideo values(20,'02:38:59','2018-03-10 10:13:53',59);
insert into SegmentoVideo values(21,'00:08:24','2018-03-10 10:13:53',59);
insert into SegmentoVideo values(22,'05:45:42','2018-03-10 10:13:53',59);
insert into SegmentoVideo values(23,'00:16:28','2018-03-10 10:13:53',59);
insert into SegmentoVideo values(24,'01:50:54','2018-03-10 10:13:53',59);
insert into SegmentoVideo values(25,'01:48:53','2018-03-10 10:13:53',59);
insert into SegmentoVideo values(26,'01:31:33','2018-03-10 10:13:53',59);
insert into SegmentoVideo values(27,'04:21:13','2018-03-10 10:13:53',59);
insert into SegmentoVideo values(1,'23:12:16','2018-01-02 07:03:40',82);
insert into SegmentoVideo values(2,'11:33:51','2018-01-02 07:03:40',82);
insert into SegmentoVideo values(3,'23:31:25','2018-01-02 07:03:40',82);
insert into SegmentoVideo values(4,'08:46:12','2018-01-02 07:03:40',82);
insert into SegmentoVideo values(5,'14:28:17','2018-01-02 07:03:40',82);
insert into SegmentoVideo values(6,'14:17:11','2018-01-02 07:03:40',82);
insert into SegmentoVideo values(7,'21:34:38','2018-01-02 07:03:40',82);
insert into SegmentoVideo values(8,'14:56:44','2018-01-02 07:03:40',82);
insert into SegmentoVideo values(9,'03:15:37','2018-01-02 07:03:40',82);
insert into SegmentoVideo values(10,'10:30:34','2018-01-02 07:03:40',82);
insert into SegmentoVideo values(11,'11:46:54','2018-01-02 07:03:40',82);
insert into SegmentoVideo values(12,'14:52:28','2018-01-02 07:03:40',82);
insert into SegmentoVideo values(13,'17:03:39','2018-01-02 07:03:40',82);
insert into SegmentoVideo values(14,'01:01:02','2018-01-02 07:03:40',82);
insert into SegmentoVideo values(15,'13:03:50','2018-01-02 07:03:40',82);
insert into SegmentoVideo values(16,'15:26:03','2018-01-02 07:03:40',82);
insert into SegmentoVideo values(17,'09:10:04','2018-01-02 07:03:40',82);
insert into SegmentoVideo values(18,'00:46:30','2018-01-02 07:03:40',82);
insert into SegmentoVideo values(19,'00:58:28','2018-01-02 07:03:40',82);
insert into SegmentoVideo values(20,'00:26:31','2018-01-02 07:03:40',82);
insert into SegmentoVideo values(21,'02:18:59','2018-01-02 07:03:40',82);
insert into SegmentoVideo values(22,'00:49:44','2018-01-02 07:03:40',82);
insert into SegmentoVideo values(23,'00:37:08','2018-01-02 07:03:40',82);
insert into SegmentoVideo values(24,'01:57:23','2018-01-02 07:03:40',82);
insert into SegmentoVideo values(25,'01:27:49','2018-01-02 07:03:40',82);
insert into SegmentoVideo values(26,'04:49:35','2018-01-02 07:03:40',82);
insert into SegmentoVideo values(1,'16:49:21','2018-11-24 02:21:27',45);
insert into SegmentoVideo values(2,'09:19:58','2018-11-24 02:21:27',45);
insert into SegmentoVideo values(3,'21:20:02','2018-11-24 02:21:27',45);
insert into SegmentoVideo values(4,'00:54:12','2018-11-24 02:21:27',45);
insert into SegmentoVideo values(5,'16:10:29','2018-11-24 02:21:27',45);
insert into SegmentoVideo values(6,'14:30:38','2018-11-24 02:21:27',45);
insert into SegmentoVideo values(7,'02:42:12','2018-11-24 02:21:27',45);
insert into SegmentoVideo values(8,'07:32:37','2018-11-24 02:21:27',45);
insert into SegmentoVideo values(9,'20:08:09','2018-11-24 02:21:27',45);
insert into SegmentoVideo values(10,'12:20:34','2018-11-24 02:21:27',45);
insert into SegmentoVideo values(11,'09:54:25','2018-11-24 02:21:27',45);
insert into SegmentoVideo values(12,'03:21:57','2018-11-24 02:21:27',45);
insert into SegmentoVideo values(13,'00:25:59','2018-11-24 02:21:27',45);
insert into SegmentoVideo values(14,'00:55:42','2018-11-24 02:21:27',45);
insert into SegmentoVideo values(15,'02:53:26','2018-11-24 02:21:27',45);
insert into SegmentoVideo values(16,'02:23:58','2018-11-24 02:21:27',45);
insert into SegmentoVideo values(17,'01:05:35','2018-11-24 02:21:27',45);
insert into SegmentoVideo values(18,'04:37:09','2018-11-24 02:21:27',45);
insert into SegmentoVideo values(1,'02:12:02','2018-05-10 14:09:16',22);
insert into SegmentoVideo values(2,'10:27:11','2018-05-10 14:09:16',22);
insert into SegmentoVideo values(3,'02:17:01','2018-05-10 14:09:16',22);
insert into SegmentoVideo values(4,'18:58:03','2018-05-10 14:09:16',22);
insert into SegmentoVideo values(5,'05:20:44','2018-05-10 14:09:16',22);
insert into SegmentoVideo values(6,'23:31:54','2018-05-10 14:09:16',22);
insert into SegmentoVideo values(7,'10:46:43','2018-05-10 14:09:16',22);
insert into SegmentoVideo values(8,'11:28:09','2018-05-10 14:09:16',22);
insert into SegmentoVideo values(9,'02:54:08','2018-05-10 14:09:16',22);
insert into SegmentoVideo values(10,'08:15:11','2018-05-10 14:09:16',22);
insert into SegmentoVideo values(11,'06:06:01','2018-05-10 14:09:16',22);
insert into SegmentoVideo values(12,'05:33:26','2018-05-10 14:09:16',22);
insert into SegmentoVideo values(13,'05:02:24','2018-05-10 14:09:16',22);
insert into SegmentoVideo values(14,'00:42:35','2018-05-10 14:09:16',22);
insert into SegmentoVideo values(15,'08:12:31','2018-05-10 14:09:16',22);
insert into SegmentoVideo values(16,'08:45:36','2018-05-10 14:09:16',22);
insert into SegmentoVideo values(17,'16:54:28','2018-05-10 14:09:16',22);
insert into SegmentoVideo values(18,'12:45:37','2018-05-10 14:09:16',22);
insert into SegmentoVideo values(19,'04:07:52','2018-05-10 14:09:16',22);
insert into SegmentoVideo values(20,'23:26:49','2018-05-10 14:09:16',22);
insert into SegmentoVideo values(21,'00:53:37','2018-05-10 14:09:16',22);
insert into SegmentoVideo values(22,'09:00:09','2018-05-10 14:09:16',22);
insert into SegmentoVideo values(23,'00:45:02','2018-05-10 14:09:16',22);
insert into SegmentoVideo values(24,'06:00:32','2018-05-10 14:09:16',22);
insert into SegmentoVideo values(25,'00:31:02','2018-05-10 14:09:16',22);
insert into SegmentoVideo values(26,'00:16:53','2018-05-10 14:09:16',22);
insert into SegmentoVideo values(27,'01:10:10','2018-05-10 14:09:16',22);
insert into SegmentoVideo values(28,'02:33:44','2018-05-10 14:09:16',22);
insert into SegmentoVideo values(29,'01:36:08','2018-05-10 14:09:16',22);
insert into SegmentoVideo values(30,'05:03:57','2018-05-10 14:09:16',22);
insert into SegmentoVideo values(1,'23:20:51','2018-06-14 02:48:31',91);
insert into SegmentoVideo values(2,'06:40:03','2018-06-14 02:48:31',91);
insert into SegmentoVideo values(3,'04:01:40','2018-06-14 02:48:31',91);
insert into SegmentoVideo values(4,'18:41:46','2018-06-14 02:48:31',91);
insert into SegmentoVideo values(5,'14:37:44','2018-06-14 02:48:31',91);
insert into SegmentoVideo values(6,'17:35:18','2018-06-14 02:48:31',91);
insert into SegmentoVideo values(7,'05:31:52','2018-06-14 02:48:31',91);
insert into SegmentoVideo values(8,'06:32:52','2018-06-14 02:48:31',91);
insert into SegmentoVideo values(9,'11:26:04','2018-06-14 02:48:31',91);
insert into SegmentoVideo values(10,'08:15:41','2018-06-14 02:48:31',91);
insert into SegmentoVideo values(11,'10:49:15','2018-06-14 02:48:31',91);
insert into SegmentoVideo values(12,'02:29:17','2018-06-14 02:48:31',91);
insert into SegmentoVideo values(13,'16:20:04','2018-06-14 02:48:31',91);
insert into SegmentoVideo values(14,'16:25:21','2018-06-14 02:48:31',91);
insert into SegmentoVideo values(15,'20:24:15','2018-06-14 02:48:31',91);
insert into SegmentoVideo values(16,'11:39:19','2018-06-14 02:48:31',91);
insert into SegmentoVideo values(17,'17:41:24','2018-06-14 02:48:31',91);
insert into SegmentoVideo values(18,'01:10:14','2018-06-14 02:48:31',91);
insert into SegmentoVideo values(19,'05:21:18','2018-06-14 02:48:31',91);
insert into SegmentoVideo values(20,'03:06:53','2018-06-14 02:48:31',91);
insert into SegmentoVideo values(21,'03:44:38','2018-06-14 02:48:31',91);
insert into SegmentoVideo values(22,'02:51:42','2018-06-14 02:48:31',91);
insert into SegmentoVideo values(23,'01:38:38','2018-06-14 02:48:31',91);
insert into SegmentoVideo values(24,'04:28:48','2018-06-14 02:48:31',91);
insert into SegmentoVideo values(1,'02:43:11','2018-04-30 05:18:29',52);
insert into SegmentoVideo values(2,'12:06:31','2018-04-30 05:18:29',52);
insert into SegmentoVideo values(3,'18:08:35','2018-04-30 05:18:29',52);
insert into SegmentoVideo values(4,'01:23:56','2018-04-30 05:18:29',52);
insert into SegmentoVideo values(5,'20:34:16','2018-04-30 05:18:29',52);
insert into SegmentoVideo values(6,'16:48:33','2018-04-30 05:18:29',52);
insert into SegmentoVideo values(7,'05:33:37','2018-04-30 05:18:29',52);
insert into SegmentoVideo values(8,'19:10:12','2018-04-30 05:18:29',52);
insert into SegmentoVideo values(9,'04:55:24','2018-04-30 05:18:29',52);
insert into SegmentoVideo values(10,'16:03:26','2018-04-30 05:18:29',52);
insert into SegmentoVideo values(11,'09:18:48','2018-04-30 05:18:29',52);
insert into SegmentoVideo values(12,'14:12:49','2018-04-30 05:18:29',52);
insert into SegmentoVideo values(13,'11:04:48','2018-04-30 05:18:29',52);
insert into SegmentoVideo values(14,'00:04:38','2018-04-30 05:18:29',52);
insert into SegmentoVideo values(15,'03:35:59','2018-04-30 05:18:29',52);
insert into SegmentoVideo values(16,'03:21:14','2018-04-30 05:18:29',52);
insert into SegmentoVideo values(17,'00:53:35','2018-04-30 05:18:29',52);
insert into SegmentoVideo values(18,'02:14:47','2018-04-30 05:18:29',52);
insert into SegmentoVideo values(19,'00:32:43','2018-04-30 05:18:29',52);
insert into SegmentoVideo values(20,'01:40:04','2018-04-30 05:18:29',52);
insert into SegmentoVideo values(21,'05:01:21','2018-04-30 05:18:29',52);
insert into SegmentoVideo values(1,'18:38:56','2018-09-12 17:21:40',82);
insert into SegmentoVideo values(2,'03:25:29','2018-09-12 17:21:40',82);
insert into SegmentoVideo values(3,'12:30:19','2018-09-12 17:21:40',82);
insert into SegmentoVideo values(4,'20:45:46','2018-09-12 17:21:40',82);
insert into SegmentoVideo values(5,'13:31:17','2018-09-12 17:21:40',82);
insert into SegmentoVideo values(6,'21:46:57','2018-09-12 17:21:40',82);
insert into SegmentoVideo values(7,'20:42:37','2018-09-12 17:21:40',82);
insert into SegmentoVideo values(8,'16:26:17','2018-09-12 17:21:40',82);
insert into SegmentoVideo values(9,'08:53:06','2018-09-12 17:21:40',82);
insert into SegmentoVideo values(10,'23:52:00','2018-09-12 17:21:40',82);
insert into SegmentoVideo values(11,'04:08:30','2018-09-12 17:21:40',82);
insert into SegmentoVideo values(12,'07:39:24','2018-09-12 17:21:40',82);
insert into SegmentoVideo values(13,'08:16:33','2018-09-12 17:21:40',82);
insert into SegmentoVideo values(14,'06:38:46','2018-09-12 17:21:40',82);
insert into SegmentoVideo values(15,'03:07:07','2018-09-12 17:21:40',82);
insert into SegmentoVideo values(16,'06:51:18','2018-09-12 17:21:40',82);
insert into SegmentoVideo values(17,'03:31:34','2018-09-12 17:21:40',82);
insert into SegmentoVideo values(18,'02:11:38','2018-09-12 17:21:40',82);
insert into SegmentoVideo values(19,'02:05:29','2018-09-12 17:21:40',82);
insert into SegmentoVideo values(20,'00:39:23','2018-09-12 17:21:40',82);
insert into SegmentoVideo values(21,'05:14:26','2018-09-12 17:21:40',82);
insert into SegmentoVideo values(1,'00:34:20','2018-02-13 20:58:06',88);
insert into SegmentoVideo values(2,'19:33:13','2018-02-13 20:58:06',88);
insert into SegmentoVideo values(3,'11:33:10','2018-02-13 20:58:06',88);
insert into SegmentoVideo values(4,'21:44:25','2018-02-13 20:58:06',88);
insert into SegmentoVideo values(5,'23:36:01','2018-02-13 20:58:06',88);
insert into SegmentoVideo values(6,'23:20:15','2018-02-13 20:58:06',88);
insert into SegmentoVideo values(7,'11:54:36','2018-02-13 20:58:06',88);
insert into SegmentoVideo values(8,'05:25:30','2018-02-13 20:58:06',88);
insert into SegmentoVideo values(9,'19:17:08','2018-02-13 20:58:06',88);
insert into SegmentoVideo values(10,'23:08:39','2018-02-13 20:58:06',88);
insert into SegmentoVideo values(11,'21:11:55','2018-02-13 20:58:06',88);
insert into SegmentoVideo values(12,'20:48:53','2018-02-13 20:58:06',88);
insert into SegmentoVideo values(13,'10:56:17','2018-02-13 20:58:06',88);
insert into SegmentoVideo values(14,'13:19:45','2018-02-13 20:58:06',88);
insert into SegmentoVideo values(15,'04:01:57','2018-02-13 20:58:06',88);
insert into SegmentoVideo values(16,'10:17:50','2018-02-13 20:58:06',88);
insert into SegmentoVideo values(17,'14:25:54','2018-02-13 20:58:06',88);
insert into SegmentoVideo values(18,'03:40:30','2018-02-13 20:58:06',88);
insert into SegmentoVideo values(19,'12:49:08','2018-02-13 20:58:06',88);
insert into SegmentoVideo values(20,'02:54:03','2018-02-13 20:58:06',88);
insert into SegmentoVideo values(21,'08:36:59','2018-02-13 20:58:06',88);
insert into SegmentoVideo values(22,'03:38:01','2018-02-13 20:58:06',88);
insert into SegmentoVideo values(23,'07:59:43','2018-02-13 20:58:06',88);
insert into SegmentoVideo values(24,'07:22:15','2018-02-13 20:58:06',88);
insert into SegmentoVideo values(25,'08:22:23','2018-02-13 20:58:06',88);
insert into SegmentoVideo values(26,'01:24:26','2018-02-13 20:58:06',88);
insert into SegmentoVideo values(27,'01:12:56','2018-02-13 20:58:06',88);
insert into SegmentoVideo values(28,'04:05:01','2018-02-13 20:58:06',88);
insert into SegmentoVideo values(29,'01:40:37','2018-02-13 20:58:06',88);
insert into SegmentoVideo values(30,'00:42:07','2018-02-13 20:58:06',88);
insert into SegmentoVideo values(31,'01:23:59','2018-02-13 20:58:06',88);
insert into SegmentoVideo values(32,'04:16:26','2018-02-13 20:58:06',88);
insert into SegmentoVideo values(1,'05:59:20','2018-07-02 04:24:04',8);
insert into SegmentoVideo values(2,'01:33:43','2018-07-02 04:24:04',8);
insert into SegmentoVideo values(3,'08:51:53','2018-07-02 04:24:04',8);
insert into SegmentoVideo values(4,'14:25:42','2018-07-02 04:24:04',8);
insert into SegmentoVideo values(5,'07:01:38','2018-07-02 04:24:04',8);
insert into SegmentoVideo values(6,'16:24:41','2018-07-02 04:24:04',8);
insert into SegmentoVideo values(7,'11:15:34','2018-07-02 04:24:04',8);
insert into SegmentoVideo values(8,'03:01:23','2018-07-02 04:24:04',8);
insert into SegmentoVideo values(9,'07:41:27','2018-07-02 04:24:04',8);
insert into SegmentoVideo values(10,'23:21:59','2018-07-02 04:24:04',8);
insert into SegmentoVideo values(11,'13:25:38','2018-07-02 04:24:04',8);
insert into SegmentoVideo values(12,'05:07:39','2018-07-02 04:24:04',8);
insert into SegmentoVideo values(13,'07:55:34','2018-07-02 04:24:04',8);
insert into SegmentoVideo values(14,'03:02:01','2018-07-02 04:24:04',8);
insert into SegmentoVideo values(15,'06:56:31','2018-07-02 04:24:04',8);
insert into SegmentoVideo values(16,'04:58:16','2018-07-02 04:24:04',8);
insert into SegmentoVideo values(17,'02:56:57','2018-07-02 04:24:04',8);
insert into SegmentoVideo values(18,'02:16:27','2018-07-02 04:24:04',8);
insert into SegmentoVideo values(19,'01:19:04','2018-07-02 04:24:04',8);
insert into SegmentoVideo values(20,'04:18:35','2018-07-02 04:24:04',8);
insert into SegmentoVideo values(1,'22:50:43','2018-01-29 04:33:52',80);
insert into SegmentoVideo values(2,'07:37:56','2018-01-29 04:33:52',80);
insert into SegmentoVideo values(3,'23:40:42','2018-01-29 04:33:52',80);
insert into SegmentoVideo values(4,'10:32:36','2018-01-29 04:33:52',80);
insert into SegmentoVideo values(5,'00:32:06','2018-01-29 04:33:52',80);
insert into SegmentoVideo values(6,'07:08:56','2018-01-29 04:33:52',80);
insert into SegmentoVideo values(7,'07:17:25','2018-01-29 04:33:52',80);
insert into SegmentoVideo values(8,'11:36:13','2018-01-29 04:33:52',80);
insert into SegmentoVideo values(9,'23:10:19','2018-01-29 04:33:52',80);
insert into SegmentoVideo values(10,'08:31:21','2018-01-29 04:33:52',80);
insert into SegmentoVideo values(11,'05:09:57','2018-01-29 04:33:52',80);
insert into SegmentoVideo values(12,'06:16:24','2018-01-29 04:33:52',80);
insert into SegmentoVideo values(13,'23:49:27','2018-01-29 04:33:52',80);
insert into SegmentoVideo values(14,'01:48:53','2018-01-29 04:33:52',80);
insert into SegmentoVideo values(15,'00:18:29','2018-01-29 04:33:52',80);
insert into SegmentoVideo values(16,'06:27:44','2018-01-29 04:33:52',80);
insert into SegmentoVideo values(17,'13:07:27','2018-01-29 04:33:52',80);
insert into SegmentoVideo values(18,'01:26:08','2018-01-29 04:33:52',80);
insert into SegmentoVideo values(19,'00:30:09','2018-01-29 04:33:52',80);
insert into SegmentoVideo values(20,'06:24:51','2018-01-29 04:33:52',80);
insert into SegmentoVideo values(21,'00:22:30','2018-01-29 04:33:52',80);
insert into SegmentoVideo values(22,'02:37:37','2018-01-29 04:33:52',80);
insert into SegmentoVideo values(23,'02:32:27','2018-01-29 04:33:52',80);
insert into SegmentoVideo values(24,'01:31:32','2018-01-29 04:33:52',80);
insert into SegmentoVideo values(25,'04:59:08','2018-01-29 04:33:52',80);
insert into SegmentoVideo values(1,'00:16:05','2018-02-06 16:39:57',30);
insert into SegmentoVideo values(2,'17:56:55','2018-02-06 16:39:57',30);
insert into SegmentoVideo values(3,'05:13:05','2018-02-06 16:39:57',30);
insert into SegmentoVideo values(4,'22:09:55','2018-02-06 16:39:57',30);
insert into SegmentoVideo values(5,'15:13:27','2018-02-06 16:39:57',30);
insert into SegmentoVideo values(6,'12:24:14','2018-02-06 16:39:57',30);
insert into SegmentoVideo values(7,'12:48:56','2018-02-06 16:39:57',30);
insert into SegmentoVideo values(8,'22:45:45','2018-02-06 16:39:57',30);
insert into SegmentoVideo values(9,'16:37:13','2018-02-06 16:39:57',30);
insert into SegmentoVideo values(10,'06:26:02','2018-02-06 16:39:57',30);
insert into SegmentoVideo values(11,'20:16:30','2018-02-06 16:39:57',30);
insert into SegmentoVideo values(12,'14:34:06','2018-02-06 16:39:57',30);
insert into SegmentoVideo values(13,'01:09:04','2018-02-06 16:39:57',30);
insert into SegmentoVideo values(14,'03:10:05','2018-02-06 16:39:57',30);
insert into SegmentoVideo values(15,'08:41:11','2018-02-06 16:39:57',30);
insert into SegmentoVideo values(16,'05:59:34','2018-02-06 16:39:57',30);
insert into SegmentoVideo values(17,'02:24:05','2018-02-06 16:39:57',30);
insert into SegmentoVideo values(18,'10:19:11','2018-02-06 16:39:57',30);
insert into SegmentoVideo values(19,'06:01:29','2018-02-06 16:39:57',30);
insert into SegmentoVideo values(20,'01:00:07','2018-02-06 16:39:57',30);
insert into SegmentoVideo values(21,'01:19:23','2018-02-06 16:39:57',30);
insert into SegmentoVideo values(22,'02:01:43','2018-02-06 16:39:57',30);
insert into SegmentoVideo values(23,'01:00:19','2018-02-06 16:39:57',30);
insert into SegmentoVideo values(24,'00:29:41','2018-02-06 16:39:57',30);
insert into SegmentoVideo values(25,'00:53:50','2018-02-06 16:39:57',30);
insert into SegmentoVideo values(26,'05:22:12','2018-02-06 16:39:57',30);
insert into SegmentoVideo values(1,'07:27:53','2018-05-28 13:36:01',42);
insert into SegmentoVideo values(2,'18:32:49','2018-05-28 13:36:01',42);
insert into SegmentoVideo values(3,'10:38:53','2018-05-28 13:36:01',42);
insert into SegmentoVideo values(4,'14:40:45','2018-05-28 13:36:01',42);
insert into SegmentoVideo values(5,'06:57:48','2018-05-28 13:36:01',42);
insert into SegmentoVideo values(6,'22:42:40','2018-05-28 13:36:01',42);
insert into SegmentoVideo values(7,'03:05:04','2018-05-28 13:36:01',42);
insert into SegmentoVideo values(8,'06:34:17','2018-05-28 13:36:01',42);
insert into SegmentoVideo values(9,'18:31:43','2018-05-28 13:36:01',42);
insert into SegmentoVideo values(10,'01:18:07','2018-05-28 13:36:01',42);
insert into SegmentoVideo values(11,'08:51:32','2018-05-28 13:36:01',42);
insert into SegmentoVideo values(12,'01:19:35','2018-05-28 13:36:01',42);
insert into SegmentoVideo values(13,'14:34:36','2018-05-28 13:36:01',42);
insert into SegmentoVideo values(14,'03:29:30','2018-05-28 13:36:01',42);
insert into SegmentoVideo values(15,'06:26:23','2018-05-28 13:36:01',42);
insert into SegmentoVideo values(16,'03:30:50','2018-05-28 13:36:01',42);
insert into SegmentoVideo values(17,'01:02:39','2018-05-28 13:36:01',42);
insert into SegmentoVideo values(18,'02:43:00','2018-05-28 13:36:01',42);
insert into SegmentoVideo values(19,'01:32:31','2018-05-28 13:36:01',42);
insert into SegmentoVideo values(20,'05:03:34','2018-05-28 13:36:01',42);
insert into SegmentoVideo values(1,'05:00:12','2018-02-24 00:36:27',52);
insert into SegmentoVideo values(2,'23:29:23','2018-02-24 00:36:27',52);
insert into SegmentoVideo values(3,'17:49:12','2018-02-24 00:36:27',52);
insert into SegmentoVideo values(4,'04:14:32','2018-02-24 00:36:27',52);
insert into SegmentoVideo values(5,'05:55:05','2018-02-24 00:36:27',52);
insert into SegmentoVideo values(6,'21:51:13','2018-02-24 00:36:27',52);
insert into SegmentoVideo values(7,'00:55:16','2018-02-24 00:36:27',52);
insert into SegmentoVideo values(8,'07:39:10','2018-02-24 00:36:27',52);
insert into SegmentoVideo values(9,'23:38:09','2018-02-24 00:36:27',52);
insert into SegmentoVideo values(10,'19:03:51','2018-02-24 00:36:27',52);
insert into SegmentoVideo values(11,'04:45:23','2018-02-24 00:36:27',52);
insert into SegmentoVideo values(12,'17:56:35','2018-02-24 00:36:27',52);
insert into SegmentoVideo values(13,'17:03:59','2018-02-24 00:36:27',52);
insert into SegmentoVideo values(14,'08:46:27','2018-02-24 00:36:27',52);
insert into SegmentoVideo values(15,'03:59:09','2018-02-24 00:36:27',52);
insert into SegmentoVideo values(16,'05:25:43','2018-02-24 00:36:27',52);
insert into SegmentoVideo values(17,'06:47:56','2018-02-24 00:36:27',52);
insert into SegmentoVideo values(18,'00:08:05','2018-02-24 00:36:27',52);
insert into SegmentoVideo values(19,'01:45:22','2018-02-24 00:36:27',52);
insert into SegmentoVideo values(20,'04:12:49','2018-02-24 00:36:27',52);
insert into SegmentoVideo values(21,'00:30:20','2018-02-24 00:36:27',52);
insert into SegmentoVideo values(22,'00:26:14','2018-02-24 00:36:27',52);
insert into SegmentoVideo values(23,'02:36:25','2018-02-24 00:36:27',52);
insert into SegmentoVideo values(24,'01:58:50','2018-02-24 00:36:27',52);
insert into SegmentoVideo values(25,'05:09:16','2018-02-24 00:36:27',52);
insert into SegmentoVideo values(1,'15:40:33','2018-01-01 18:44:22',68);
insert into SegmentoVideo values(2,'14:35:24','2018-01-01 18:44:22',68);
insert into SegmentoVideo values(3,'19:32:35','2018-01-01 18:44:22',68);
insert into SegmentoVideo values(4,'13:01:19','2018-01-01 18:44:22',68);
insert into SegmentoVideo values(5,'06:49:38','2018-01-01 18:44:22',68);
insert into SegmentoVideo values(6,'03:26:35','2018-01-01 18:44:22',68);
insert into SegmentoVideo values(7,'12:10:04','2018-01-01 18:44:22',68);
insert into SegmentoVideo values(8,'20:34:55','2018-01-01 18:44:22',68);
insert into SegmentoVideo values(9,'16:47:51','2018-01-01 18:44:22',68);
insert into SegmentoVideo values(10,'07:10:15','2018-01-01 18:44:22',68);
insert into SegmentoVideo values(11,'19:53:51','2018-01-01 18:44:22',68);
insert into SegmentoVideo values(12,'12:35:05','2018-01-01 18:44:22',68);
insert into SegmentoVideo values(13,'01:33:57','2018-01-01 18:44:22',68);
insert into SegmentoVideo values(14,'04:36:38','2018-01-01 18:44:22',68);
insert into SegmentoVideo values(15,'12:59:10','2018-01-01 18:44:22',68);
insert into SegmentoVideo values(16,'01:37:18','2018-01-01 18:44:22',68);
insert into SegmentoVideo values(17,'19:53:43','2018-01-01 18:44:22',68);
insert into SegmentoVideo values(18,'02:34:09','2018-01-01 18:44:22',68);
insert into SegmentoVideo values(19,'06:55:35','2018-01-01 18:44:22',68);
insert into SegmentoVideo values(20,'09:50:06','2018-01-01 18:44:22',68);
insert into SegmentoVideo values(21,'02:31:30','2018-01-01 18:44:22',68);
insert into SegmentoVideo values(22,'05:16:51','2018-01-01 18:44:22',68);
insert into SegmentoVideo values(23,'00:24:38','2018-01-01 18:44:22',68);
insert into SegmentoVideo values(24,'03:13:03','2018-01-01 18:44:22',68);
insert into SegmentoVideo values(25,'02:44:10','2018-01-01 18:44:22',68);
insert into SegmentoVideo values(26,'00:55:28','2018-01-01 18:44:22',68);
insert into SegmentoVideo values(27,'01:16:29','2018-01-01 18:44:22',68);
insert into SegmentoVideo values(28,'04:45:43','2018-01-01 18:44:22',68);
insert into SegmentoVideo values(1,'07:55:09','2018-01-24 11:13:24',93);
insert into SegmentoVideo values(2,'01:15:25','2018-01-24 11:13:24',93);
insert into SegmentoVideo values(3,'11:51:13','2018-01-24 11:13:24',93);
insert into SegmentoVideo values(4,'09:06:38','2018-01-24 11:13:24',93);
insert into SegmentoVideo values(5,'15:14:53','2018-01-24 11:13:24',93);
insert into SegmentoVideo values(6,'00:55:04','2018-01-24 11:13:24',93);
insert into SegmentoVideo values(7,'12:02:27','2018-01-24 11:13:24',93);
insert into SegmentoVideo values(8,'12:04:11','2018-01-24 11:13:24',93);
insert into SegmentoVideo values(9,'16:45:11','2018-01-24 11:13:24',93);
insert into SegmentoVideo values(10,'18:17:54','2018-01-24 11:13:24',93);
insert into SegmentoVideo values(11,'16:02:46','2018-01-24 11:13:24',93);
insert into SegmentoVideo values(12,'15:47:34','2018-01-24 11:13:24',93);
insert into SegmentoVideo values(13,'09:47:40','2018-01-24 11:13:24',93);
insert into SegmentoVideo values(14,'15:34:34','2018-01-24 11:13:24',93);
insert into SegmentoVideo values(15,'19:40:29','2018-01-24 11:13:24',93);
insert into SegmentoVideo values(16,'12:27:49','2018-01-24 11:13:24',93);
insert into SegmentoVideo values(17,'03:00:29','2018-01-24 11:13:24',93);
insert into SegmentoVideo values(18,'06:37:47','2018-01-24 11:13:24',93);
insert into SegmentoVideo values(19,'01:39:09','2018-01-24 11:13:24',93);
insert into SegmentoVideo values(20,'01:43:07','2018-01-24 11:13:24',93);
insert into SegmentoVideo values(21,'00:49:12','2018-01-24 11:13:24',93);
insert into SegmentoVideo values(22,'00:57:11','2018-01-24 11:13:24',93);
insert into SegmentoVideo values(23,'01:06:51','2018-01-24 11:13:24',93);
insert into SegmentoVideo values(24,'00:31:37','2018-01-24 11:13:24',93);
insert into SegmentoVideo values(25,'00:14:06','2018-01-24 11:13:24',93);
insert into SegmentoVideo values(26,'01:12:17','2018-01-24 11:13:24',93);
insert into SegmentoVideo values(27,'02:19:40','2018-01-24 11:13:24',93);
insert into SegmentoVideo values(28,'05:24:48','2018-01-24 11:13:24',93);
insert into SegmentoVideo values(1,'09:35:25','2018-07-19 21:22:16',93);
insert into SegmentoVideo values(2,'21:10:10','2018-07-19 21:22:16',93);
insert into SegmentoVideo values(3,'19:33:11','2018-07-19 21:22:16',93);
insert into SegmentoVideo values(4,'18:28:05','2018-07-19 21:22:16',93);
insert into SegmentoVideo values(5,'07:54:30','2018-07-19 21:22:16',93);
insert into SegmentoVideo values(6,'17:34:02','2018-07-19 21:22:16',93);
insert into SegmentoVideo values(7,'08:49:37','2018-07-19 21:22:16',93);
insert into SegmentoVideo values(8,'01:25:14','2018-07-19 21:22:16',93);
insert into SegmentoVideo values(9,'13:47:21','2018-07-19 21:22:16',93);
insert into SegmentoVideo values(10,'09:23:11','2018-07-19 21:22:16',93);
insert into SegmentoVideo values(11,'01:53:31','2018-07-19 21:22:16',93);
insert into SegmentoVideo values(12,'12:15:21','2018-07-19 21:22:16',93);
insert into SegmentoVideo values(13,'00:45:12','2018-07-19 21:22:16',93);
insert into SegmentoVideo values(14,'02:19:22','2018-07-19 21:22:16',93);
insert into SegmentoVideo values(15,'04:37:03','2018-07-19 21:22:16',93);
insert into SegmentoVideo values(16,'00:56:35','2018-07-19 21:22:16',93);
insert into SegmentoVideo values(17,'00:33:14','2018-07-19 21:22:16',93);
insert into SegmentoVideo values(18,'01:18:06','2018-07-19 21:22:16',93);
insert into SegmentoVideo values(19,'02:16:23','2018-07-19 21:22:16',93);
insert into SegmentoVideo values(20,'05:08:41','2018-07-19 21:22:16',93);
insert into SegmentoVideo values(1,'13:01:40','2018-02-27 09:56:53',100);
insert into SegmentoVideo values(2,'02:28:30','2018-02-27 09:56:53',100);
insert into SegmentoVideo values(3,'14:30:57','2018-02-27 09:56:53',100);
insert into SegmentoVideo values(4,'03:34:04','2018-02-27 09:56:53',100);
insert into SegmentoVideo values(5,'04:21:32','2018-02-27 09:56:53',100);
insert into SegmentoVideo values(6,'06:10:18','2018-02-27 09:56:53',100);
insert into SegmentoVideo values(7,'23:38:06','2018-02-27 09:56:53',100);
insert into SegmentoVideo values(8,'14:58:02','2018-02-27 09:56:53',100);
insert into SegmentoVideo values(9,'12:51:01','2018-02-27 09:56:53',100);
insert into SegmentoVideo values(10,'05:41:04','2018-02-27 09:56:53',100);
insert into SegmentoVideo values(11,'03:42:59','2018-02-27 09:56:53',100);
insert into SegmentoVideo values(12,'00:01:25','2018-02-27 09:56:53',100);
insert into SegmentoVideo values(13,'01:27:31','2018-02-27 09:56:53',100);
insert into SegmentoVideo values(14,'01:26:59','2018-02-27 09:56:53',100);
insert into SegmentoVideo values(15,'05:26:20','2018-02-27 09:56:53',100);
insert into SegmentoVideo values(1,'12:26:18','2018-08-21 16:42:55',39);
insert into SegmentoVideo values(2,'13:27:46','2018-08-21 16:42:55',39);
insert into SegmentoVideo values(3,'06:02:26','2018-08-21 16:42:55',39);
insert into SegmentoVideo values(4,'23:16:00','2018-08-21 16:42:55',39);
insert into SegmentoVideo values(5,'00:45:08','2018-08-21 16:42:55',39);
insert into SegmentoVideo values(6,'05:50:04','2018-08-21 16:42:55',39);
insert into SegmentoVideo values(7,'00:43:43','2018-08-21 16:42:55',39);
insert into SegmentoVideo values(8,'19:50:17','2018-08-21 16:42:55',39);
insert into SegmentoVideo values(9,'16:07:37','2018-08-21 16:42:55',39);
insert into SegmentoVideo values(10,'12:48:03','2018-08-21 16:42:55',39);
insert into SegmentoVideo values(11,'03:53:38','2018-08-21 16:42:55',39);
insert into SegmentoVideo values(12,'18:25:31','2018-08-21 16:42:55',39);
insert into SegmentoVideo values(13,'10:08:25','2018-08-21 16:42:55',39);
insert into SegmentoVideo values(14,'12:12:06','2018-08-21 16:42:55',39);
insert into SegmentoVideo values(15,'01:35:03','2018-08-21 16:42:55',39);
insert into SegmentoVideo values(16,'03:58:20','2018-08-21 16:42:55',39);
insert into SegmentoVideo values(17,'12:09:10','2018-08-21 16:42:55',39);
insert into SegmentoVideo values(18,'11:03:11','2018-08-21 16:42:55',39);
insert into SegmentoVideo values(19,'01:47:23','2018-08-21 16:42:55',39);
insert into SegmentoVideo values(20,'05:53:26','2018-08-21 16:42:55',39);
insert into SegmentoVideo values(21,'01:17:22','2018-08-21 16:42:55',39);
insert into SegmentoVideo values(22,'01:10:13','2018-08-21 16:42:55',39);
insert into SegmentoVideo values(23,'03:32:45','2018-08-21 16:42:55',39);
insert into SegmentoVideo values(24,'01:12:28','2018-08-21 16:42:55',39);
insert into SegmentoVideo values(25,'01:27:04','2018-08-21 16:42:55',39);
insert into SegmentoVideo values(26,'02:03:49','2018-08-21 16:42:55',39);
insert into SegmentoVideo values(27,'05:01:14','2018-08-21 16:42:55',39);
insert into SegmentoVideo values(1,'04:17:58','2018-07-07 08:12:59',94);
insert into SegmentoVideo values(2,'18:24:21','2018-07-07 08:12:59',94);
insert into SegmentoVideo values(3,'02:28:04','2018-07-07 08:12:59',94);
insert into SegmentoVideo values(4,'16:41:04','2018-07-07 08:12:59',94);
insert into SegmentoVideo values(5,'19:55:15','2018-07-07 08:12:59',94);
insert into SegmentoVideo values(6,'14:15:56','2018-07-07 08:12:59',94);
insert into SegmentoVideo values(7,'05:29:28','2018-07-07 08:12:59',94);
insert into SegmentoVideo values(8,'04:04:08','2018-07-07 08:12:59',94);
insert into SegmentoVideo values(9,'03:23:39','2018-07-07 08:12:59',94);
insert into SegmentoVideo values(10,'10:45:02','2018-07-07 08:12:59',94);
insert into SegmentoVideo values(11,'16:27:25','2018-07-07 08:12:59',94);
insert into SegmentoVideo values(12,'01:43:39','2018-07-07 08:12:59',94);
insert into SegmentoVideo values(13,'01:45:52','2018-07-07 08:12:59',94);
insert into SegmentoVideo values(14,'05:41:40','2018-07-07 08:12:59',94);
insert into SegmentoVideo values(15,'01:00:41','2018-07-07 08:12:59',94);
insert into SegmentoVideo values(16,'03:33:14','2018-07-07 08:12:59',94);
insert into SegmentoVideo values(17,'01:20:40','2018-07-07 08:12:59',94);
insert into SegmentoVideo values(18,'00:51:03','2018-07-07 08:12:59',94);
insert into SegmentoVideo values(19,'02:27:45','2018-07-07 08:12:59',94);
insert into SegmentoVideo values(20,'01:59:02','2018-07-07 08:12:59',94);
insert into SegmentoVideo values(21,'05:07:04','2018-07-07 08:12:59',94);
insert into SegmentoVideo values(1,'11:22:44','2018-11-29 00:38:39',27);
insert into SegmentoVideo values(2,'10:37:20','2018-11-29 00:38:39',27);
insert into SegmentoVideo values(3,'01:26:43','2018-11-29 00:38:39',27);
insert into SegmentoVideo values(4,'02:49:58','2018-11-29 00:38:39',27);
insert into SegmentoVideo values(5,'02:34:04','2018-11-29 00:38:39',27);
insert into SegmentoVideo values(6,'11:51:32','2018-11-29 00:38:39',27);
insert into SegmentoVideo values(7,'03:52:25','2018-11-29 00:38:39',27);
insert into SegmentoVideo values(8,'06:14:12','2018-11-29 00:38:39',27);
insert into SegmentoVideo values(9,'05:49:41','2018-11-29 00:38:39',27);
insert into SegmentoVideo values(10,'14:04:34','2018-11-29 00:38:39',27);
insert into SegmentoVideo values(11,'11:01:13','2018-11-29 00:38:39',27);
insert into SegmentoVideo values(12,'03:33:28','2018-11-29 00:38:39',27);
insert into SegmentoVideo values(13,'02:22:57','2018-11-29 00:38:39',27);
insert into SegmentoVideo values(14,'01:42:54','2018-11-29 00:38:39',27);
insert into SegmentoVideo values(15,'01:57:59','2018-11-29 00:38:39',27);
insert into SegmentoVideo values(16,'02:46:24','2018-11-29 00:38:39',27);
insert into SegmentoVideo values(17,'00:41:16','2018-11-29 00:38:39',27);
insert into SegmentoVideo values(18,'00:17:05','2018-11-29 00:38:39',27);
insert into SegmentoVideo values(19,'00:10:52','2018-11-29 00:38:39',27);
insert into SegmentoVideo values(20,'01:02:52','2018-11-29 00:38:39',27);
insert into SegmentoVideo values(21,'04:53:29','2018-11-29 00:38:39',27);
insert into SegmentoVideo values(1,'00:07:48','2018-05-06 00:57:59',42);
insert into SegmentoVideo values(2,'00:10:20','2018-05-06 00:57:59',42);
insert into SegmentoVideo values(3,'11:31:09','2018-05-06 00:57:59',42);
insert into SegmentoVideo values(4,'02:33:14','2018-05-06 00:57:59',42);
insert into SegmentoVideo values(5,'03:20:08','2018-05-06 00:57:59',42);
insert into SegmentoVideo values(6,'20:26:35','2018-05-06 00:57:59',42);
insert into SegmentoVideo values(7,'01:18:00','2018-05-06 00:57:59',42);
insert into SegmentoVideo values(8,'23:15:05','2018-05-06 00:57:59',42);
insert into SegmentoVideo values(9,'22:10:12','2018-05-06 00:57:59',42);
insert into SegmentoVideo values(10,'23:09:26','2018-05-06 00:57:59',42);
insert into SegmentoVideo values(11,'10:03:21','2018-05-06 00:57:59',42);
insert into SegmentoVideo values(12,'07:11:28','2018-05-06 00:57:59',42);
insert into SegmentoVideo values(13,'10:26:52','2018-05-06 00:57:59',42);
insert into SegmentoVideo values(14,'05:11:29','2018-05-06 00:57:59',42);
insert into SegmentoVideo values(15,'05:08:57','2018-05-06 00:57:59',42);
insert into SegmentoVideo values(16,'03:14:29','2018-05-06 00:57:59',42);
insert into SegmentoVideo values(17,'04:16:41','2018-05-06 00:57:59',42);
insert into SegmentoVideo values(18,'01:04:47','2018-05-06 00:57:59',42);
insert into SegmentoVideo values(19,'01:07:52','2018-05-06 00:57:59',42);
insert into SegmentoVideo values(20,'02:27:40','2018-05-06 00:57:59',42);
insert into SegmentoVideo values(21,'01:34:59','2018-05-06 00:57:59',42);
insert into SegmentoVideo values(22,'05:23:24','2018-05-06 00:57:59',42);
insert into SegmentoVideo values(1,'20:13:28','2018-05-17 09:28:12',82);
insert into SegmentoVideo values(2,'05:16:15','2018-05-17 09:28:12',82);
insert into SegmentoVideo values(3,'10:21:08','2018-05-17 09:28:12',82);
insert into SegmentoVideo values(4,'15:01:38','2018-05-17 09:28:12',82);
insert into SegmentoVideo values(5,'20:05:34','2018-05-17 09:28:12',82);
insert into SegmentoVideo values(6,'03:32:03','2018-05-17 09:28:12',82);
insert into SegmentoVideo values(7,'06:08:55','2018-05-17 09:28:12',82);
insert into SegmentoVideo values(8,'16:24:10','2018-05-17 09:28:12',82);
insert into SegmentoVideo values(9,'05:01:46','2018-05-17 09:28:12',82);
insert into SegmentoVideo values(10,'05:15:23','2018-05-17 09:28:12',82);
insert into SegmentoVideo values(11,'00:21:58','2018-05-17 09:28:12',82);
insert into SegmentoVideo values(12,'06:24:32','2018-05-17 09:28:12',82);
insert into SegmentoVideo values(13,'00:03:49','2018-05-17 09:28:12',82);
insert into SegmentoVideo values(14,'01:14:14','2018-05-17 09:28:12',82);
insert into SegmentoVideo values(15,'02:47:39','2018-05-17 09:28:12',82);
insert into SegmentoVideo values(16,'00:50:07','2018-05-17 09:28:12',82);
insert into SegmentoVideo values(17,'05:29:02','2018-05-17 09:28:12',82);
insert into SegmentoVideo values(1,'02:36:14','2018-10-31 00:51:38',19);
insert into SegmentoVideo values(2,'23:27:59','2018-10-31 00:51:38',19);
insert into SegmentoVideo values(3,'23:12:21','2018-10-31 00:51:38',19);
insert into SegmentoVideo values(4,'17:03:26','2018-10-31 00:51:38',19);
insert into SegmentoVideo values(5,'17:34:07','2018-10-31 00:51:38',19);
insert into SegmentoVideo values(6,'06:07:50','2018-10-31 00:51:38',19);
insert into SegmentoVideo values(7,'02:55:36','2018-10-31 00:51:38',19);
insert into SegmentoVideo values(8,'15:52:05','2018-10-31 00:51:38',19);
insert into SegmentoVideo values(9,'08:28:33','2018-10-31 00:51:38',19);
insert into SegmentoVideo values(10,'03:14:40','2018-10-31 00:51:38',19);
insert into SegmentoVideo values(11,'05:55:24','2018-10-31 00:51:38',19);
insert into SegmentoVideo values(12,'12:49:40','2018-10-31 00:51:38',19);
insert into SegmentoVideo values(13,'02:24:48','2018-10-31 00:51:38',19);
insert into SegmentoVideo values(14,'07:15:20','2018-10-31 00:51:38',19);
insert into SegmentoVideo values(15,'02:27:07','2018-10-31 00:51:38',19);
insert into SegmentoVideo values(16,'02:41:52','2018-10-31 00:51:38',19);
insert into SegmentoVideo values(17,'01:01:07','2018-10-31 00:51:38',19);
insert into SegmentoVideo values(18,'02:11:39','2018-10-31 00:51:38',19);
insert into SegmentoVideo values(19,'00:07:27','2018-10-31 00:51:38',19);
insert into SegmentoVideo values(20,'01:28:30','2018-10-31 00:51:38',19);
insert into SegmentoVideo values(21,'01:29:16','2018-10-31 00:51:38',19);
insert into SegmentoVideo values(22,'05:30:09','2018-10-31 00:51:38',19);
insert into SegmentoVideo values(1,'10:28:13','2018-07-22 09:33:39',41);
insert into SegmentoVideo values(2,'10:19:47','2018-07-22 09:33:39',41);
insert into SegmentoVideo values(3,'05:38:02','2018-07-22 09:33:39',41);
insert into SegmentoVideo values(4,'10:18:09','2018-07-22 09:33:39',41);
insert into SegmentoVideo values(5,'00:41:35','2018-07-22 09:33:39',41);
insert into SegmentoVideo values(6,'04:50:45','2018-07-22 09:33:39',41);
insert into SegmentoVideo values(7,'12:13:44','2018-07-22 09:33:39',41);
insert into SegmentoVideo values(8,'01:48:12','2018-07-22 09:33:39',41);
insert into SegmentoVideo values(9,'00:28:22','2018-07-22 09:33:39',41);
insert into SegmentoVideo values(10,'09:14:43','2018-07-22 09:33:39',41);
insert into SegmentoVideo values(11,'04:00:35','2018-07-22 09:33:39',41);
insert into SegmentoVideo values(12,'01:42:10','2018-07-22 09:33:39',41);
insert into SegmentoVideo values(13,'03:20:33','2018-07-22 09:33:39',41);
insert into SegmentoVideo values(14,'03:31:38','2018-07-22 09:33:39',41);
insert into SegmentoVideo values(15,'01:39:58','2018-07-22 09:33:39',41);
insert into SegmentoVideo values(16,'05:28:26','2018-07-22 09:33:39',41);
insert into SegmentoVideo values(1,'18:56:16','2018-04-29 00:06:24',79);
insert into SegmentoVideo values(2,'13:01:51','2018-04-29 00:06:24',79);
insert into SegmentoVideo values(3,'06:42:53','2018-04-29 00:06:24',79);
insert into SegmentoVideo values(4,'07:40:23','2018-04-29 00:06:24',79);
insert into SegmentoVideo values(5,'19:39:14','2018-04-29 00:06:24',79);
insert into SegmentoVideo values(6,'05:39:09','2018-04-29 00:06:24',79);
insert into SegmentoVideo values(7,'05:07:54','2018-04-29 00:06:24',79);
insert into SegmentoVideo values(8,'09:41:30','2018-04-29 00:06:24',79);
insert into SegmentoVideo values(9,'18:19:53','2018-04-29 00:06:24',79);
insert into SegmentoVideo values(10,'00:17:49','2018-04-29 00:06:24',79);
insert into SegmentoVideo values(11,'23:35:48','2018-04-29 00:06:24',79);
insert into SegmentoVideo values(12,'13:59:17','2018-04-29 00:06:24',79);
insert into SegmentoVideo values(13,'16:33:00','2018-04-29 00:06:24',79);
insert into SegmentoVideo values(14,'08:01:32','2018-04-29 00:06:24',79);
insert into SegmentoVideo values(15,'14:09:14','2018-04-29 00:06:24',79);
insert into SegmentoVideo values(16,'23:17:08','2018-04-29 00:06:24',79);
insert into SegmentoVideo values(17,'13:01:09','2018-04-29 00:06:24',79);
insert into SegmentoVideo values(18,'17:49:42','2018-04-29 00:06:24',79);
insert into SegmentoVideo values(19,'14:14:54','2018-04-29 00:06:24',79);
insert into SegmentoVideo values(20,'03:31:32','2018-04-29 00:06:24',79);
insert into SegmentoVideo values(21,'01:28:28','2018-04-29 00:06:24',79);
insert into SegmentoVideo values(22,'00:42:20','2018-04-29 00:06:24',79);
insert into SegmentoVideo values(23,'07:18:47','2018-04-29 00:06:24',79);
insert into SegmentoVideo values(24,'03:43:31','2018-04-29 00:06:24',79);
insert into SegmentoVideo values(25,'04:26:19','2018-04-29 00:06:24',79);
insert into SegmentoVideo values(26,'02:07:50','2018-04-29 00:06:24',79);
insert into SegmentoVideo values(27,'01:10:38','2018-04-29 00:06:24',79);
insert into SegmentoVideo values(28,'04:36:58','2018-04-29 00:06:24',79);
insert into SegmentoVideo values(1,'03:33:37','2018-03-08 06:08:04',51);
insert into SegmentoVideo values(2,'21:28:03','2018-03-08 06:08:04',51);
insert into SegmentoVideo values(3,'12:10:36','2018-03-08 06:08:04',51);
insert into SegmentoVideo values(4,'04:08:22','2018-03-08 06:08:04',51);
insert into SegmentoVideo values(5,'00:43:00','2018-03-08 06:08:04',51);
insert into SegmentoVideo values(6,'21:13:18','2018-03-08 06:08:04',51);
insert into SegmentoVideo values(7,'15:47:42','2018-03-08 06:08:04',51);
insert into SegmentoVideo values(8,'18:07:28','2018-03-08 06:08:04',51);
insert into SegmentoVideo values(9,'12:19:24','2018-03-08 06:08:04',51);
insert into SegmentoVideo values(10,'00:03:51','2018-03-08 06:08:04',51);
insert into SegmentoVideo values(11,'00:18:06','2018-03-08 06:08:04',51);
insert into SegmentoVideo values(12,'00:13:55','2018-03-08 06:08:04',51);
insert into SegmentoVideo values(13,'14:13:43','2018-03-08 06:08:04',51);
insert into SegmentoVideo values(14,'00:46:30','2018-03-08 06:08:04',51);
insert into SegmentoVideo values(15,'02:32:34','2018-03-08 06:08:04',51);
insert into SegmentoVideo values(16,'05:20:41','2018-03-08 06:08:04',51);
insert into SegmentoVideo values(17,'02:34:19','2018-03-08 06:08:04',51);
insert into SegmentoVideo values(18,'00:18:00','2018-03-08 06:08:04',51);
insert into SegmentoVideo values(19,'00:29:51','2018-03-08 06:08:04',51);
insert into SegmentoVideo values(20,'00:58:24','2018-03-08 06:08:04',51);
insert into SegmentoVideo values(21,'00:20:19','2018-03-08 06:08:04',51);
insert into SegmentoVideo values(22,'00:53:34','2018-03-08 06:08:04',51);
insert into SegmentoVideo values(23,'05:08:58','2018-03-08 06:08:04',51);
insert into SegmentoVideo values(1,'17:09:24','2018-01-13 18:14:36',60);
insert into SegmentoVideo values(2,'15:23:58','2018-01-13 18:14:36',60);
insert into SegmentoVideo values(3,'03:09:25','2018-01-13 18:14:36',60);
insert into SegmentoVideo values(4,'03:47:02','2018-01-13 18:14:36',60);
insert into SegmentoVideo values(5,'15:07:29','2018-01-13 18:14:36',60);
insert into SegmentoVideo values(6,'21:02:11','2018-01-13 18:14:36',60);
insert into SegmentoVideo values(7,'05:48:07','2018-01-13 18:14:36',60);
insert into SegmentoVideo values(8,'07:59:24','2018-01-13 18:14:36',60);
insert into SegmentoVideo values(9,'04:21:02','2018-01-13 18:14:36',60);
insert into SegmentoVideo values(10,'10:07:28','2018-01-13 18:14:36',60);
insert into SegmentoVideo values(11,'03:18:11','2018-01-13 18:14:36',60);
insert into SegmentoVideo values(12,'00:57:00','2018-01-13 18:14:36',60);
insert into SegmentoVideo values(13,'10:35:25','2018-01-13 18:14:36',60);
insert into SegmentoVideo values(14,'00:03:14','2018-01-13 18:14:36',60);
insert into SegmentoVideo values(15,'01:54:21','2018-01-13 18:14:36',60);
insert into SegmentoVideo values(16,'00:01:19','2018-01-13 18:14:36',60);
insert into SegmentoVideo values(17,'01:01:06','2018-01-13 18:14:36',60);
insert into SegmentoVideo values(18,'01:02:48','2018-01-13 18:14:36',60);
insert into SegmentoVideo values(19,'03:13:10','2018-01-13 18:14:36',60);
insert into SegmentoVideo values(20,'01:18:43','2018-01-13 18:14:36',60);
insert into SegmentoVideo values(21,'00:19:56','2018-01-13 18:14:36',60);
insert into SegmentoVideo values(22,'01:32:47','2018-01-13 18:14:36',60);
insert into SegmentoVideo values(23,'04:22:02','2018-01-13 18:14:36',60);
insert into SegmentoVideo values(1,'19:56:58','2018-10-13 01:54:49',74);
insert into SegmentoVideo values(2,'02:35:07','2018-10-13 01:54:49',74);
insert into SegmentoVideo values(3,'22:34:19','2018-10-13 01:54:49',74);
insert into SegmentoVideo values(4,'00:03:18','2018-10-13 01:54:49',74);
insert into SegmentoVideo values(5,'22:29:49','2018-10-13 01:54:49',74);
insert into SegmentoVideo values(6,'06:32:46','2018-10-13 01:54:49',74);
insert into SegmentoVideo values(7,'18:33:37','2018-10-13 01:54:49',74);
insert into SegmentoVideo values(8,'19:49:17','2018-10-13 01:54:49',74);
insert into SegmentoVideo values(9,'23:39:06','2018-10-13 01:54:49',74);
insert into SegmentoVideo values(10,'17:20:19','2018-10-13 01:54:49',74);
insert into SegmentoVideo values(11,'14:03:25','2018-10-13 01:54:49',74);
insert into SegmentoVideo values(12,'02:36:05','2018-10-13 01:54:49',74);
insert into SegmentoVideo values(13,'14:34:59','2018-10-13 01:54:49',74);
insert into SegmentoVideo values(14,'07:32:55','2018-10-13 01:54:49',74);
insert into SegmentoVideo values(15,'00:21:07','2018-10-13 01:54:49',74);
insert into SegmentoVideo values(16,'02:41:04','2018-10-13 01:54:49',74);
insert into SegmentoVideo values(17,'00:15:21','2018-10-13 01:54:49',74);
insert into SegmentoVideo values(18,'02:38:58','2018-10-13 01:54:49',74);
insert into SegmentoVideo values(19,'03:45:45','2018-10-13 01:54:49',74);
insert into SegmentoVideo values(20,'03:31:18','2018-10-13 01:54:49',74);
insert into SegmentoVideo values(21,'02:27:31','2018-10-13 01:54:49',74);
insert into SegmentoVideo values(22,'02:39:09','2018-10-13 01:54:49',74);
insert into SegmentoVideo values(23,'00:44:24','2018-10-13 01:54:49',74);
insert into SegmentoVideo values(24,'00:52:17','2018-10-13 01:54:49',74);
insert into SegmentoVideo values(25,'04:42:23','2018-10-13 01:54:49',74);
insert into SegmentoVideo values(1,'17:34:09','2018-01-06 11:25:40',53);
insert into SegmentoVideo values(2,'04:41:29','2018-01-06 11:25:40',53);
insert into SegmentoVideo values(3,'18:22:13','2018-01-06 11:25:40',53);
insert into SegmentoVideo values(4,'21:09:52','2018-01-06 11:25:40',53);
insert into SegmentoVideo values(5,'11:44:07','2018-01-06 11:25:40',53);
insert into SegmentoVideo values(6,'17:09:23','2018-01-06 11:25:40',53);
insert into SegmentoVideo values(7,'18:37:05','2018-01-06 11:25:40',53);
insert into SegmentoVideo values(8,'23:36:31','2018-01-06 11:25:40',53);
insert into SegmentoVideo values(9,'18:53:11','2018-01-06 11:25:40',53);
insert into SegmentoVideo values(10,'18:30:59','2018-01-06 11:25:40',53);
insert into SegmentoVideo values(11,'11:08:59','2018-01-06 11:25:40',53);
insert into SegmentoVideo values(12,'07:35:08','2018-01-06 11:25:40',53);
insert into SegmentoVideo values(13,'06:21:08','2018-01-06 11:25:40',53);
insert into SegmentoVideo values(14,'09:01:21','2018-01-06 11:25:40',53);
insert into SegmentoVideo values(15,'19:26:55','2018-01-06 11:25:40',53);
insert into SegmentoVideo values(16,'11:39:41','2018-01-06 11:25:40',53);
insert into SegmentoVideo values(17,'21:09:45','2018-01-06 11:25:40',53);
insert into SegmentoVideo values(18,'13:54:34','2018-01-06 11:25:40',53);
insert into SegmentoVideo values(19,'00:42:54','2018-01-06 11:25:40',53);
insert into SegmentoVideo values(20,'19:48:10','2018-01-06 11:25:40',53);
insert into SegmentoVideo values(21,'07:53:23','2018-01-06 11:25:40',53);
insert into SegmentoVideo values(22,'06:39:00','2018-01-06 11:25:40',53);
insert into SegmentoVideo values(23,'01:50:22','2018-01-06 11:25:40',53);
insert into SegmentoVideo values(24,'02:27:08','2018-01-06 11:25:40',53);
insert into SegmentoVideo values(25,'00:04:58','2018-01-06 11:25:40',53);
insert into SegmentoVideo values(26,'00:53:20','2018-01-06 11:25:40',53);
insert into SegmentoVideo values(27,'05:12:21','2018-01-06 11:25:40',53);
insert into SegmentoVideo values(1,'07:54:47','2018-05-29 01:27:13',53);
insert into SegmentoVideo values(2,'17:54:26','2018-05-29 01:27:13',53);
insert into SegmentoVideo values(3,'16:45:00','2018-05-29 01:27:13',53);
insert into SegmentoVideo values(4,'14:31:57','2018-05-29 01:27:13',53);
insert into SegmentoVideo values(5,'01:51:47','2018-05-29 01:27:13',53);
insert into SegmentoVideo values(6,'09:36:59','2018-05-29 01:27:13',53);
insert into SegmentoVideo values(7,'23:30:29','2018-05-29 01:27:13',53);
insert into SegmentoVideo values(8,'01:10:49','2018-05-29 01:27:13',53);
insert into SegmentoVideo values(9,'22:11:33','2018-05-29 01:27:13',53);
insert into SegmentoVideo values(10,'04:36:22','2018-05-29 01:27:13',53);
insert into SegmentoVideo values(11,'19:55:40','2018-05-29 01:27:13',53);
insert into SegmentoVideo values(12,'00:01:13','2018-05-29 01:27:13',53);
insert into SegmentoVideo values(13,'18:59:24','2018-05-29 01:27:13',53);
insert into SegmentoVideo values(14,'10:40:27','2018-05-29 01:27:13',53);
insert into SegmentoVideo values(15,'10:45:20','2018-05-29 01:27:13',53);
insert into SegmentoVideo values(16,'01:54:57','2018-05-29 01:27:13',53);
insert into SegmentoVideo values(17,'13:01:58','2018-05-29 01:27:13',53);
insert into SegmentoVideo values(18,'05:39:18','2018-05-29 01:27:13',53);
insert into SegmentoVideo values(19,'05:41:57','2018-05-29 01:27:13',53);
insert into SegmentoVideo values(20,'02:08:32','2018-05-29 01:27:13',53);
insert into SegmentoVideo values(21,'03:05:42','2018-05-29 01:27:13',53);
insert into SegmentoVideo values(22,'02:38:22','2018-05-29 01:27:13',53);
insert into SegmentoVideo values(23,'02:15:49','2018-05-29 01:27:13',53);
insert into SegmentoVideo values(24,'01:29:21','2018-05-29 01:27:13',53);
insert into SegmentoVideo values(25,'03:48:23','2018-05-29 01:27:13',53);
insert into SegmentoVideo values(26,'02:00:02','2018-05-29 01:27:13',53);
insert into SegmentoVideo values(27,'05:10:12','2018-05-29 01:27:13',53);
insert into SegmentoVideo values(1,'21:27:31','2018-06-12 09:45:52',74);
insert into SegmentoVideo values(2,'18:38:04','2018-06-12 09:45:52',74);
insert into SegmentoVideo values(3,'02:31:10','2018-06-12 09:45:52',74);
insert into SegmentoVideo values(4,'03:46:12','2018-06-12 09:45:52',74);
insert into SegmentoVideo values(5,'21:34:03','2018-06-12 09:45:52',74);
insert into SegmentoVideo values(6,'21:17:02','2018-06-12 09:45:52',74);
insert into SegmentoVideo values(7,'03:23:37','2018-06-12 09:45:52',74);
insert into SegmentoVideo values(8,'09:37:32','2018-06-12 09:45:52',74);
insert into SegmentoVideo values(9,'07:30:14','2018-06-12 09:45:52',74);
insert into SegmentoVideo values(10,'20:27:05','2018-06-12 09:45:52',74);
insert into SegmentoVideo values(11,'17:28:07','2018-06-12 09:45:52',74);
insert into SegmentoVideo values(12,'00:12:58','2018-06-12 09:45:52',74);
insert into SegmentoVideo values(13,'12:29:27','2018-06-12 09:45:52',74);
insert into SegmentoVideo values(14,'16:06:41','2018-06-12 09:45:52',74);
insert into SegmentoVideo values(15,'12:04:28','2018-06-12 09:45:52',74);
insert into SegmentoVideo values(16,'01:29:43','2018-06-12 09:45:52',74);
insert into SegmentoVideo values(17,'01:54:35','2018-06-12 09:45:52',74);
insert into SegmentoVideo values(18,'01:08:46','2018-06-12 09:45:52',74);
insert into SegmentoVideo values(19,'01:43:07','2018-06-12 09:45:52',74);
insert into SegmentoVideo values(20,'03:37:26','2018-06-12 09:45:52',74);
insert into SegmentoVideo values(21,'02:15:46','2018-06-12 09:45:52',74);
insert into SegmentoVideo values(22,'05:06:27','2018-06-12 09:45:52',74);
insert into SegmentoVideo values(1,'16:51:19','2018-02-06 09:46:34',70);
insert into SegmentoVideo values(2,'09:05:46','2018-02-06 09:46:34',70);
insert into SegmentoVideo values(3,'03:21:26','2018-02-06 09:46:34',70);
insert into SegmentoVideo values(4,'10:11:08','2018-02-06 09:46:34',70);
insert into SegmentoVideo values(5,'08:23:49','2018-02-06 09:46:34',70);
insert into SegmentoVideo values(6,'02:52:02','2018-02-06 09:46:34',70);
insert into SegmentoVideo values(7,'18:45:10','2018-02-06 09:46:34',70);
insert into SegmentoVideo values(8,'18:56:24','2018-02-06 09:46:34',70);
insert into SegmentoVideo values(9,'08:05:29','2018-02-06 09:46:34',70);
insert into SegmentoVideo values(10,'09:19:19','2018-02-06 09:46:34',70);
insert into SegmentoVideo values(11,'12:22:39','2018-02-06 09:46:34',70);
insert into SegmentoVideo values(12,'10:56:36','2018-02-06 09:46:34',70);
insert into SegmentoVideo values(13,'13:41:44','2018-02-06 09:46:34',70);
insert into SegmentoVideo values(14,'18:38:27','2018-02-06 09:46:34',70);
insert into SegmentoVideo values(15,'20:25:06','2018-02-06 09:46:34',70);
insert into SegmentoVideo values(16,'05:14:25','2018-02-06 09:46:34',70);
insert into SegmentoVideo values(17,'07:29:36','2018-02-06 09:46:34',70);
insert into SegmentoVideo values(18,'22:09:10','2018-02-06 09:46:34',70);
insert into SegmentoVideo values(19,'10:42:48','2018-02-06 09:46:34',70);
insert into SegmentoVideo values(20,'05:47:01','2018-02-06 09:46:34',70);
insert into SegmentoVideo values(21,'01:33:19','2018-02-06 09:46:34',70);
insert into SegmentoVideo values(22,'02:07:08','2018-02-06 09:46:34',70);
insert into SegmentoVideo values(23,'00:51:52','2018-02-06 09:46:34',70);
insert into SegmentoVideo values(24,'01:24:27','2018-02-06 09:46:34',70);
insert into SegmentoVideo values(25,'05:08:02','2018-02-06 09:46:34',70);
insert into SegmentoVideo values(1,'11:37:21','2018-01-21 23:01:18',42);
insert into SegmentoVideo values(2,'09:59:55','2018-01-21 23:01:18',42);
insert into SegmentoVideo values(3,'04:59:56','2018-01-21 23:01:18',42);
insert into SegmentoVideo values(4,'06:57:22','2018-01-21 23:01:18',42);
insert into SegmentoVideo values(5,'15:31:17','2018-01-21 23:01:18',42);
insert into SegmentoVideo values(6,'10:03:51','2018-01-21 23:01:18',42);
insert into SegmentoVideo values(7,'17:15:24','2018-01-21 23:01:18',42);
insert into SegmentoVideo values(8,'23:32:22','2018-01-21 23:01:18',42);
insert into SegmentoVideo values(9,'20:09:26','2018-01-21 23:01:18',42);
insert into SegmentoVideo values(10,'02:49:20','2018-01-21 23:01:18',42);
insert into SegmentoVideo values(11,'08:35:34','2018-01-21 23:01:18',42);
insert into SegmentoVideo values(12,'01:51:40','2018-01-21 23:01:18',42);
insert into SegmentoVideo values(13,'11:39:53','2018-01-21 23:01:18',42);
insert into SegmentoVideo values(14,'03:28:29','2018-01-21 23:01:18',42);
insert into SegmentoVideo values(15,'02:02:42','2018-01-21 23:01:18',42);
insert into SegmentoVideo values(16,'00:53:51','2018-01-21 23:01:18',42);
insert into SegmentoVideo values(17,'03:19:01','2018-01-21 23:01:18',42);
insert into SegmentoVideo values(18,'01:56:53','2018-01-21 23:01:18',42);
insert into SegmentoVideo values(19,'00:38:52','2018-01-21 23:01:18',42);
insert into SegmentoVideo values(20,'00:45:41','2018-01-21 23:01:18',42);
insert into SegmentoVideo values(21,'05:25:40','2018-01-21 23:01:18',42);
insert into SegmentoVideo values(1,'09:08:03','2018-07-29 18:20:45',43);
insert into SegmentoVideo values(2,'16:59:08','2018-07-29 18:20:45',43);
insert into SegmentoVideo values(3,'17:48:39','2018-07-29 18:20:45',43);
insert into SegmentoVideo values(4,'22:20:22','2018-07-29 18:20:45',43);
insert into SegmentoVideo values(5,'22:47:04','2018-07-29 18:20:45',43);
insert into SegmentoVideo values(6,'18:48:04','2018-07-29 18:20:45',43);
insert into SegmentoVideo values(7,'14:15:21','2018-07-29 18:20:45',43);
insert into SegmentoVideo values(8,'09:35:36','2018-07-29 18:20:45',43);
insert into SegmentoVideo values(9,'00:49:57','2018-07-29 18:20:45',43);
insert into SegmentoVideo values(10,'03:50:43','2018-07-29 18:20:45',43);
insert into SegmentoVideo values(11,'08:08:01','2018-07-29 18:20:45',43);
insert into SegmentoVideo values(12,'06:53:52','2018-07-29 18:20:45',43);
insert into SegmentoVideo values(13,'09:23:15','2018-07-29 18:20:45',43);
insert into SegmentoVideo values(14,'02:28:44','2018-07-29 18:20:45',43);
insert into SegmentoVideo values(15,'03:34:50','2018-07-29 18:20:45',43);
insert into SegmentoVideo values(16,'01:38:59','2018-07-29 18:20:45',43);
insert into SegmentoVideo values(17,'05:00:30','2018-07-29 18:20:45',43);
insert into SegmentoVideo values(1,'00:18:36','2018-08-20 07:03:44',60);
insert into SegmentoVideo values(2,'17:11:27','2018-08-20 07:03:44',60);
insert into SegmentoVideo values(3,'20:32:01','2018-08-20 07:03:44',60);
insert into SegmentoVideo values(4,'11:07:42','2018-08-20 07:03:44',60);
insert into SegmentoVideo values(5,'08:17:38','2018-08-20 07:03:44',60);
insert into SegmentoVideo values(6,'15:20:25','2018-08-20 07:03:44',60);
insert into SegmentoVideo values(7,'18:37:39','2018-08-20 07:03:44',60);
insert into SegmentoVideo values(8,'07:29:46','2018-08-20 07:03:44',60);
insert into SegmentoVideo values(9,'01:09:46','2018-08-20 07:03:44',60);
insert into SegmentoVideo values(10,'03:04:48','2018-08-20 07:03:44',60);
insert into SegmentoVideo values(11,'08:54:50','2018-08-20 07:03:44',60);
insert into SegmentoVideo values(12,'02:56:37','2018-08-20 07:03:44',60);
insert into SegmentoVideo values(13,'02:17:01','2018-08-20 07:03:44',60);
insert into SegmentoVideo values(14,'02:02:16','2018-08-20 07:03:44',60);
insert into SegmentoVideo values(15,'10:28:07','2018-08-20 07:03:44',60);
insert into SegmentoVideo values(16,'08:38:35','2018-08-20 07:03:44',60);
insert into SegmentoVideo values(17,'01:01:56','2018-08-20 07:03:44',60);
insert into SegmentoVideo values(18,'08:39:53','2018-08-20 07:03:44',60);
insert into SegmentoVideo values(19,'00:37:55','2018-08-20 07:03:44',60);
insert into SegmentoVideo values(20,'05:32:33','2018-08-20 07:03:44',60);
insert into SegmentoVideo values(21,'03:44:13','2018-08-20 07:03:44',60);
insert into SegmentoVideo values(22,'01:51:57','2018-08-20 07:03:44',60);
insert into SegmentoVideo values(23,'01:57:22','2018-08-20 07:03:44',60);
insert into SegmentoVideo values(24,'00:23:16','2018-08-20 07:03:44',60);
insert into SegmentoVideo values(25,'05:33:13','2018-08-20 07:03:44',60);
insert into SegmentoVideo values(1,'15:47:25','2018-01-18 23:02:06',22);
insert into SegmentoVideo values(2,'09:43:04','2018-01-18 23:02:06',22);
insert into SegmentoVideo values(3,'00:19:26','2018-01-18 23:02:06',22);
insert into SegmentoVideo values(4,'10:01:00','2018-01-18 23:02:06',22);
insert into SegmentoVideo values(5,'06:53:44','2018-01-18 23:02:06',22);
insert into SegmentoVideo values(6,'06:42:33','2018-01-18 23:02:06',22);
insert into SegmentoVideo values(7,'02:28:07','2018-01-18 23:02:06',22);
insert into SegmentoVideo values(8,'11:15:14','2018-01-18 23:02:06',22);
insert into SegmentoVideo values(9,'23:34:46','2018-01-18 23:02:06',22);
insert into SegmentoVideo values(10,'15:58:34','2018-01-18 23:02:06',22);
insert into SegmentoVideo values(11,'15:02:03','2018-01-18 23:02:06',22);
insert into SegmentoVideo values(12,'10:05:29','2018-01-18 23:02:06',22);
insert into SegmentoVideo values(13,'12:40:51','2018-01-18 23:02:06',22);
insert into SegmentoVideo values(14,'01:23:57','2018-01-18 23:02:06',22);
insert into SegmentoVideo values(15,'04:30:24','2018-01-18 23:02:06',22);
insert into SegmentoVideo values(16,'08:15:33','2018-01-18 23:02:06',22);
insert into SegmentoVideo values(17,'08:08:47','2018-01-18 23:02:06',22);
insert into SegmentoVideo values(18,'19:50:40','2018-01-18 23:02:06',22);
insert into SegmentoVideo values(19,'15:52:30','2018-01-18 23:02:06',22);
insert into SegmentoVideo values(20,'05:54:19','2018-01-18 23:02:06',22);
insert into SegmentoVideo values(21,'20:48:01','2018-01-18 23:02:06',22);
insert into SegmentoVideo values(22,'11:18:42','2018-01-18 23:02:06',22);
insert into SegmentoVideo values(23,'10:14:40','2018-01-18 23:02:06',22);
insert into SegmentoVideo values(24,'21:14:41','2018-01-18 23:02:06',22);
insert into SegmentoVideo values(25,'05:14:58','2018-01-18 23:02:06',22);
insert into SegmentoVideo values(26,'00:21:51','2018-01-18 23:02:06',22);
insert into SegmentoVideo values(27,'08:31:03','2018-01-18 23:02:06',22);
insert into SegmentoVideo values(28,'02:09:23','2018-01-18 23:02:06',22);
insert into SegmentoVideo values(29,'03:49:10','2018-01-18 23:02:06',22);
insert into SegmentoVideo values(30,'01:59:56','2018-01-18 23:02:06',22);
insert into SegmentoVideo values(31,'00:00:11','2018-01-18 23:02:06',22);
insert into SegmentoVideo values(32,'01:51:27','2018-01-18 23:02:06',22);
insert into SegmentoVideo values(33,'05:22:10','2018-01-18 23:02:06',22);
insert into SegmentoVideo values(1,'17:08:38','2018-01-24 01:57:41',33);
insert into SegmentoVideo values(2,'21:08:24','2018-01-24 01:57:41',33);
insert into SegmentoVideo values(3,'20:32:59','2018-01-24 01:57:41',33);
insert into SegmentoVideo values(4,'09:30:34','2018-01-24 01:57:41',33);
insert into SegmentoVideo values(5,'03:07:43','2018-01-24 01:57:41',33);
insert into SegmentoVideo values(6,'22:08:11','2018-01-24 01:57:41',33);
insert into SegmentoVideo values(7,'07:20:07','2018-01-24 01:57:41',33);
insert into SegmentoVideo values(8,'13:23:20','2018-01-24 01:57:41',33);
insert into SegmentoVideo values(9,'13:50:12','2018-01-24 01:57:41',33);
insert into SegmentoVideo values(10,'04:54:11','2018-01-24 01:57:41',33);
insert into SegmentoVideo values(11,'13:17:46','2018-01-24 01:57:41',33);
insert into SegmentoVideo values(12,'11:08:14','2018-01-24 01:57:41',33);
insert into SegmentoVideo values(13,'19:58:05','2018-01-24 01:57:41',33);
insert into SegmentoVideo values(14,'02:00:43','2018-01-24 01:57:41',33);
insert into SegmentoVideo values(15,'06:26:33','2018-01-24 01:57:41',33);
insert into SegmentoVideo values(16,'02:30:57','2018-01-24 01:57:41',33);
insert into SegmentoVideo values(17,'15:52:55','2018-01-24 01:57:41',33);
insert into SegmentoVideo values(18,'07:53:34','2018-01-24 01:57:41',33);
insert into SegmentoVideo values(19,'05:29:18','2018-01-24 01:57:41',33);
insert into SegmentoVideo values(20,'00:03:56','2018-01-24 01:57:41',33);
insert into SegmentoVideo values(21,'00:45:14','2018-01-24 01:57:41',33);
insert into SegmentoVideo values(22,'04:06:36','2018-01-24 01:57:41',33);
insert into SegmentoVideo values(23,'01:36:28','2018-01-24 01:57:41',33);
insert into SegmentoVideo values(24,'01:14:42','2018-01-24 01:57:41',33);
insert into SegmentoVideo values(25,'04:31:03','2018-01-24 01:57:41',33);
insert into SegmentoVideo values(1,'02:02:07','2018-04-21 20:16:22',74);
insert into SegmentoVideo values(2,'09:55:39','2018-04-21 20:16:22',74);
insert into SegmentoVideo values(3,'23:24:03','2018-04-21 20:16:22',74);
insert into SegmentoVideo values(4,'22:10:56','2018-04-21 20:16:22',74);
insert into SegmentoVideo values(5,'20:30:36','2018-04-21 20:16:22',74);
insert into SegmentoVideo values(6,'04:29:02','2018-04-21 20:16:22',74);
insert into SegmentoVideo values(7,'22:20:47','2018-04-21 20:16:22',74);
insert into SegmentoVideo values(8,'07:28:03','2018-04-21 20:16:22',74);
insert into SegmentoVideo values(9,'07:10:37','2018-04-21 20:16:22',74);
insert into SegmentoVideo values(10,'16:52:22','2018-04-21 20:16:22',74);
insert into SegmentoVideo values(11,'02:15:16','2018-04-21 20:16:22',74);
insert into SegmentoVideo values(12,'15:42:15','2018-04-21 20:16:22',74);
insert into SegmentoVideo values(13,'02:18:35','2018-04-21 20:16:22',74);
insert into SegmentoVideo values(14,'07:57:37','2018-04-21 20:16:22',74);
insert into SegmentoVideo values(15,'13:08:21','2018-04-21 20:16:22',74);
insert into SegmentoVideo values(16,'11:30:11','2018-04-21 20:16:22',74);
insert into SegmentoVideo values(17,'03:44:22','2018-04-21 20:16:22',74);
insert into SegmentoVideo values(18,'03:26:53','2018-04-21 20:16:22',74);
insert into SegmentoVideo values(19,'01:21:24','2018-04-21 20:16:22',74);
insert into SegmentoVideo values(20,'00:55:34','2018-04-21 20:16:22',74);
insert into SegmentoVideo values(21,'00:13:41','2018-04-21 20:16:22',74);
insert into SegmentoVideo values(22,'00:49:30','2018-04-21 20:16:22',74);
insert into SegmentoVideo values(23,'04:54:12','2018-04-21 20:16:22',74);
insert into SegmentoVideo values(1,'18:20:28','2018-05-13 06:39:33',19);
insert into SegmentoVideo values(2,'00:06:17','2018-05-13 06:39:33',19);
insert into SegmentoVideo values(3,'09:58:37','2018-05-13 06:39:33',19);
insert into SegmentoVideo values(4,'13:39:23','2018-05-13 06:39:33',19);
insert into SegmentoVideo values(5,'02:31:17','2018-05-13 06:39:33',19);
insert into SegmentoVideo values(6,'09:30:36','2018-05-13 06:39:33',19);
insert into SegmentoVideo values(7,'20:17:39','2018-05-13 06:39:33',19);
insert into SegmentoVideo values(8,'12:29:29','2018-05-13 06:39:33',19);
insert into SegmentoVideo values(9,'17:36:58','2018-05-13 06:39:33',19);
insert into SegmentoVideo values(10,'07:27:28','2018-05-13 06:39:33',19);
insert into SegmentoVideo values(11,'04:34:39','2018-05-13 06:39:33',19);
insert into SegmentoVideo values(12,'19:00:52','2018-05-13 06:39:33',19);
insert into SegmentoVideo values(13,'12:58:42','2018-05-13 06:39:33',19);
insert into SegmentoVideo values(14,'06:12:13','2018-05-13 06:39:33',19);
insert into SegmentoVideo values(15,'19:05:04','2018-05-13 06:39:33',19);
insert into SegmentoVideo values(16,'04:35:33','2018-05-13 06:39:33',19);
insert into SegmentoVideo values(17,'13:32:19','2018-05-13 06:39:33',19);
insert into SegmentoVideo values(18,'17:14:48','2018-05-13 06:39:33',19);
insert into SegmentoVideo values(19,'12:07:24','2018-05-13 06:39:33',19);
insert into SegmentoVideo values(20,'09:16:08','2018-05-13 06:39:33',19);
insert into SegmentoVideo values(21,'03:21:32','2018-05-13 06:39:33',19);
insert into SegmentoVideo values(22,'00:12:40','2018-05-13 06:39:33',19);
insert into SegmentoVideo values(23,'02:00:18','2018-05-13 06:39:33',19);
insert into SegmentoVideo values(24,'02:03:13','2018-05-13 06:39:33',19);
insert into SegmentoVideo values(25,'04:56:14','2018-05-13 06:39:33',19);
insert into SegmentoVideo values(1,'23:21:46','2018-03-05 11:02:40',65);
insert into SegmentoVideo values(2,'10:39:20','2018-03-05 11:02:40',65);
insert into SegmentoVideo values(3,'16:59:31','2018-03-05 11:02:40',65);
insert into SegmentoVideo values(4,'17:54:05','2018-03-05 11:02:40',65);
insert into SegmentoVideo values(5,'10:10:53','2018-03-05 11:02:40',65);
insert into SegmentoVideo values(6,'02:35:57','2018-03-05 11:02:40',65);
insert into SegmentoVideo values(7,'00:08:45','2018-03-05 11:02:40',65);
insert into SegmentoVideo values(8,'07:22:35','2018-03-05 11:02:40',65);
insert into SegmentoVideo values(9,'23:38:50','2018-03-05 11:02:40',65);
insert into SegmentoVideo values(10,'06:15:55','2018-03-05 11:02:40',65);
insert into SegmentoVideo values(11,'04:12:04','2018-03-05 11:02:40',65);
insert into SegmentoVideo values(12,'03:07:26','2018-03-05 11:02:40',65);
insert into SegmentoVideo values(13,'00:57:29','2018-03-05 11:02:40',65);
insert into SegmentoVideo values(14,'16:12:08','2018-03-05 11:02:40',65);
insert into SegmentoVideo values(15,'03:08:47','2018-03-05 11:02:40',65);
insert into SegmentoVideo values(16,'09:52:17','2018-03-05 11:02:40',65);
insert into SegmentoVideo values(17,'09:55:09','2018-03-05 11:02:40',65);
insert into SegmentoVideo values(18,'03:07:12','2018-03-05 11:02:40',65);
insert into SegmentoVideo values(19,'02:10:47','2018-03-05 11:02:40',65);
insert into SegmentoVideo values(20,'05:25:36','2018-03-05 11:02:40',65);
insert into SegmentoVideo values(21,'05:09:18','2018-03-05 11:02:40',65);
insert into SegmentoVideo values(22,'07:40:34','2018-03-05 11:02:40',65);
insert into SegmentoVideo values(23,'05:29:13','2018-03-05 11:02:40',65);
insert into SegmentoVideo values(24,'00:07:56','2018-03-05 11:02:40',65);
insert into SegmentoVideo values(25,'00:33:56','2018-03-05 11:02:40',65);
insert into SegmentoVideo values(26,'02:18:22','2018-03-05 11:02:40',65);
insert into SegmentoVideo values(27,'00:07:22','2018-03-05 11:02:40',65);
insert into SegmentoVideo values(28,'01:45:55','2018-03-05 11:02:40',65);
insert into SegmentoVideo values(29,'04:53:52','2018-03-05 11:02:40',65);
insert into SegmentoVideo values(1,'06:21:08','2018-04-04 14:54:45',93);
insert into SegmentoVideo values(2,'01:39:29','2018-04-04 14:54:45',93);
insert into SegmentoVideo values(3,'21:17:10','2018-04-04 14:54:45',93);
insert into SegmentoVideo values(4,'18:04:58','2018-04-04 14:54:45',93);
insert into SegmentoVideo values(5,'16:05:41','2018-04-04 14:54:45',93);
insert into SegmentoVideo values(6,'07:35:07','2018-04-04 14:54:45',93);
insert into SegmentoVideo values(7,'21:49:36','2018-04-04 14:54:45',93);
insert into SegmentoVideo values(8,'12:49:48','2018-04-04 14:54:45',93);
insert into SegmentoVideo values(9,'17:39:06','2018-04-04 14:54:45',93);
insert into SegmentoVideo values(10,'06:36:01','2018-04-04 14:54:45',93);
insert into SegmentoVideo values(11,'21:09:28','2018-04-04 14:54:45',93);
insert into SegmentoVideo values(12,'14:46:35','2018-04-04 14:54:45',93);
insert into SegmentoVideo values(13,'14:48:05','2018-04-04 14:54:45',93);
insert into SegmentoVideo values(14,'12:53:03','2018-04-04 14:54:45',93);
insert into SegmentoVideo values(15,'02:43:40','2018-04-04 14:54:45',93);
insert into SegmentoVideo values(16,'19:18:35','2018-04-04 14:54:45',93);
insert into SegmentoVideo values(17,'04:57:36','2018-04-04 14:54:45',93);
insert into SegmentoVideo values(18,'02:09:06','2018-04-04 14:54:45',93);
insert into SegmentoVideo values(19,'05:37:53','2018-04-04 14:54:45',93);
insert into SegmentoVideo values(20,'00:00:22','2018-04-04 14:54:45',93);
insert into SegmentoVideo values(21,'00:05:47','2018-04-04 14:54:45',93);
insert into SegmentoVideo values(22,'00:06:02','2018-04-04 14:54:45',93);
insert into SegmentoVideo values(23,'03:12:34','2018-04-04 14:54:45',93);
insert into SegmentoVideo values(24,'01:08:21','2018-04-04 14:54:45',93);
insert into SegmentoVideo values(25,'01:19:05','2018-04-04 14:54:45',93);
insert into SegmentoVideo values(26,'00:19:59','2018-04-04 14:54:45',93);
insert into SegmentoVideo values(27,'01:48:54','2018-04-04 14:54:45',93);
insert into SegmentoVideo values(28,'04:53:54','2018-04-04 14:54:45',93);
insert into SegmentoVideo values(1,'17:41:23','2018-01-29 08:02:22',35);
insert into SegmentoVideo values(2,'14:41:23','2018-01-29 08:02:22',35);
insert into SegmentoVideo values(3,'01:31:03','2018-01-29 08:02:22',35);
insert into SegmentoVideo values(4,'10:03:57','2018-01-29 08:02:22',35);
insert into SegmentoVideo values(5,'03:45:15','2018-01-29 08:02:22',35);
insert into SegmentoVideo values(6,'08:06:12','2018-01-29 08:02:22',35);
insert into SegmentoVideo values(7,'05:29:54','2018-01-29 08:02:22',35);
insert into SegmentoVideo values(8,'21:30:39','2018-01-29 08:02:22',35);
insert into SegmentoVideo values(9,'14:13:47','2018-01-29 08:02:22',35);
insert into SegmentoVideo values(10,'14:04:04','2018-01-29 08:02:22',35);
insert into SegmentoVideo values(11,'20:05:15','2018-01-29 08:02:22',35);
insert into SegmentoVideo values(12,'02:29:57','2018-01-29 08:02:22',35);
insert into SegmentoVideo values(13,'15:33:10','2018-01-29 08:02:22',35);
insert into SegmentoVideo values(14,'06:58:45','2018-01-29 08:02:22',35);
insert into SegmentoVideo values(15,'05:29:33','2018-01-29 08:02:22',35);
insert into SegmentoVideo values(16,'14:31:29','2018-01-29 08:02:22',35);
insert into SegmentoVideo values(17,'14:26:54','2018-01-29 08:02:22',35);
insert into SegmentoVideo values(18,'01:23:40','2018-01-29 08:02:22',35);
insert into SegmentoVideo values(19,'14:16:06','2018-01-29 08:02:22',35);
insert into SegmentoVideo values(20,'03:22:56','2018-01-29 08:02:22',35);
insert into SegmentoVideo values(21,'04:31:22','2018-01-29 08:02:22',35);
insert into SegmentoVideo values(22,'00:03:33','2018-01-29 08:02:22',35);
insert into SegmentoVideo values(23,'01:23:02','2018-01-29 08:02:22',35);
insert into SegmentoVideo values(24,'03:33:56','2018-01-29 08:02:22',35);
insert into SegmentoVideo values(25,'01:56:52','2018-01-29 08:02:22',35);
insert into SegmentoVideo values(26,'00:28:37','2018-01-29 08:02:22',35);
insert into SegmentoVideo values(27,'02:07:52','2018-01-29 08:02:22',35);
insert into SegmentoVideo values(28,'05:06:42','2018-01-29 08:02:22',35);
insert into SegmentoVideo values(1,'11:11:35','2018-02-15 19:27:03',54);
insert into SegmentoVideo values(2,'02:03:58','2018-02-15 19:27:03',54);
insert into SegmentoVideo values(3,'03:50:16','2018-02-15 19:27:03',54);
insert into SegmentoVideo values(4,'23:53:11','2018-02-15 19:27:03',54);
insert into SegmentoVideo values(5,'23:10:00','2018-02-15 19:27:03',54);
insert into SegmentoVideo values(6,'09:45:22','2018-02-15 19:27:03',54);
insert into SegmentoVideo values(7,'04:17:36','2018-02-15 19:27:03',54);
insert into SegmentoVideo values(8,'10:00:48','2018-02-15 19:27:03',54);
insert into SegmentoVideo values(9,'06:56:01','2018-02-15 19:27:03',54);
insert into SegmentoVideo values(10,'13:01:12','2018-02-15 19:27:03',54);
insert into SegmentoVideo values(11,'12:13:23','2018-02-15 19:27:03',54);
insert into SegmentoVideo values(12,'01:20:29','2018-02-15 19:27:03',54);
insert into SegmentoVideo values(13,'08:46:34','2018-02-15 19:27:03',54);
insert into SegmentoVideo values(14,'00:03:35','2018-02-15 19:27:03',54);
insert into SegmentoVideo values(15,'01:16:24','2018-02-15 19:27:03',54);
insert into SegmentoVideo values(16,'01:21:11','2018-02-15 19:27:03',54);
insert into SegmentoVideo values(17,'03:23:14','2018-02-15 19:27:03',54);
insert into SegmentoVideo values(18,'02:00:57','2018-02-15 19:27:03',54);
insert into SegmentoVideo values(19,'01:10:07','2018-02-15 19:27:03',54);
insert into SegmentoVideo values(20,'00:10:57','2018-02-15 19:27:03',54);
insert into SegmentoVideo values(21,'00:28:13','2018-02-15 19:27:03',54);
insert into SegmentoVideo values(22,'05:09:32','2018-02-15 19:27:03',54);
insert into SegmentoVideo values(1,'10:06:35','2018-02-12 06:27:10',82);
insert into SegmentoVideo values(2,'08:06:41','2018-02-12 06:27:10',82);
insert into SegmentoVideo values(3,'09:04:13','2018-02-12 06:27:10',82);
insert into SegmentoVideo values(4,'03:24:02','2018-02-12 06:27:10',82);
insert into SegmentoVideo values(5,'01:03:30','2018-02-12 06:27:10',82);
insert into SegmentoVideo values(6,'07:41:35','2018-02-12 06:27:10',82);
insert into SegmentoVideo values(7,'09:14:23','2018-02-12 06:27:10',82);
insert into SegmentoVideo values(8,'06:22:44','2018-02-12 06:27:10',82);
insert into SegmentoVideo values(9,'21:18:56','2018-02-12 06:27:10',82);
insert into SegmentoVideo values(10,'01:21:36','2018-02-12 06:27:10',82);
insert into SegmentoVideo values(11,'00:54:19','2018-02-12 06:27:10',82);
insert into SegmentoVideo values(12,'15:15:23','2018-02-12 06:27:10',82);
insert into SegmentoVideo values(13,'23:00:37','2018-02-12 06:27:10',82);
insert into SegmentoVideo values(14,'04:01:53','2018-02-12 06:27:10',82);
insert into SegmentoVideo values(15,'00:14:08','2018-02-12 06:27:10',82);
insert into SegmentoVideo values(16,'07:34:14','2018-02-12 06:27:10',82);
insert into SegmentoVideo values(17,'01:51:43','2018-02-12 06:27:10',82);
insert into SegmentoVideo values(18,'03:51:13','2018-02-12 06:27:10',82);
insert into SegmentoVideo values(19,'02:51:25','2018-02-12 06:27:10',82);
insert into SegmentoVideo values(20,'00:34:56','2018-02-12 06:27:10',82);
insert into SegmentoVideo values(21,'05:29:19','2018-02-12 06:27:10',82);
insert into SegmentoVideo values(1,'21:12:55','2018-02-11 05:19:55',89);
insert into SegmentoVideo values(2,'12:38:10','2018-02-11 05:19:55',89);
insert into SegmentoVideo values(3,'03:16:48','2018-02-11 05:19:55',89);
insert into SegmentoVideo values(4,'01:29:28','2018-02-11 05:19:55',89);
insert into SegmentoVideo values(5,'20:31:59','2018-02-11 05:19:55',89);
insert into SegmentoVideo values(6,'21:31:12','2018-02-11 05:19:55',89);
insert into SegmentoVideo values(7,'15:51:29','2018-02-11 05:19:55',89);
insert into SegmentoVideo values(8,'17:23:41','2018-02-11 05:19:55',89);
insert into SegmentoVideo values(9,'16:35:58','2018-02-11 05:19:55',89);
insert into SegmentoVideo values(10,'09:50:40','2018-02-11 05:19:55',89);
insert into SegmentoVideo values(11,'07:32:36','2018-02-11 05:19:55',89);
insert into SegmentoVideo values(12,'02:23:47','2018-02-11 05:19:55',89);
insert into SegmentoVideo values(13,'21:01:20','2018-02-11 05:19:55',89);
insert into SegmentoVideo values(14,'09:45:48','2018-02-11 05:19:55',89);
insert into SegmentoVideo values(15,'11:49:02','2018-02-11 05:19:55',89);
insert into SegmentoVideo values(16,'05:07:29','2018-02-11 05:19:55',89);
insert into SegmentoVideo values(17,'19:40:04','2018-02-11 05:19:55',89);
insert into SegmentoVideo values(18,'02:59:21','2018-02-11 05:19:55',89);
insert into SegmentoVideo values(19,'07:23:48','2018-02-11 05:19:55',89);
insert into SegmentoVideo values(20,'06:27:55','2018-02-11 05:19:55',89);
insert into SegmentoVideo values(21,'00:29:09','2018-02-11 05:19:55',89);
insert into SegmentoVideo values(22,'02:55:31','2018-02-11 05:19:55',89);
insert into SegmentoVideo values(23,'01:07:13','2018-02-11 05:19:55',89);
insert into SegmentoVideo values(24,'01:13:28','2018-02-11 05:19:55',89);
insert into SegmentoVideo values(25,'05:10:38','2018-02-11 05:19:55',89);
insert into SegmentoVideo values(1,'07:37:35','2018-08-21 18:07:32',66);
insert into SegmentoVideo values(2,'00:57:54','2018-08-21 18:07:32',66);
insert into SegmentoVideo values(3,'04:56:59','2018-08-21 18:07:32',66);
insert into SegmentoVideo values(4,'01:58:51','2018-08-21 18:07:32',66);
insert into SegmentoVideo values(5,'22:13:05','2018-08-21 18:07:32',66);
insert into SegmentoVideo values(6,'14:41:12','2018-08-21 18:07:32',66);
insert into SegmentoVideo values(7,'20:50:40','2018-08-21 18:07:32',66);
insert into SegmentoVideo values(8,'00:31:01','2018-08-21 18:07:32',66);
insert into SegmentoVideo values(9,'09:07:02','2018-08-21 18:07:32',66);
insert into SegmentoVideo values(10,'10:34:04','2018-08-21 18:07:32',66);
insert into SegmentoVideo values(11,'07:21:12','2018-08-21 18:07:32',66);
insert into SegmentoVideo values(12,'15:18:51','2018-08-21 18:07:32',66);
insert into SegmentoVideo values(13,'14:26:00','2018-08-21 18:07:32',66);
insert into SegmentoVideo values(14,'03:15:07','2018-08-21 18:07:32',66);
insert into SegmentoVideo values(15,'02:15:51','2018-08-21 18:07:32',66);
insert into SegmentoVideo values(16,'21:50:59','2018-08-21 18:07:32',66);
insert into SegmentoVideo values(17,'03:00:25','2018-08-21 18:07:32',66);
insert into SegmentoVideo values(18,'13:40:38','2018-08-21 18:07:32',66);
insert into SegmentoVideo values(19,'17:49:17','2018-08-21 18:07:32',66);
insert into SegmentoVideo values(20,'07:14:37','2018-08-21 18:07:32',66);
insert into SegmentoVideo values(21,'03:38:30','2018-08-21 18:07:32',66);
insert into SegmentoVideo values(22,'03:30:43','2018-08-21 18:07:32',66);
insert into SegmentoVideo values(23,'02:41:05','2018-08-21 18:07:32',66);
insert into SegmentoVideo values(24,'05:28:13','2018-08-21 18:07:32',66);
insert into SegmentoVideo values(1,'08:49:18','2018-01-20 05:32:22',44);
insert into SegmentoVideo values(2,'12:23:48','2018-01-20 05:32:22',44);
insert into SegmentoVideo values(3,'10:35:36','2018-01-20 05:32:22',44);
insert into SegmentoVideo values(4,'20:10:37','2018-01-20 05:32:22',44);
insert into SegmentoVideo values(5,'07:44:31','2018-01-20 05:32:22',44);
insert into SegmentoVideo values(6,'08:00:22','2018-01-20 05:32:22',44);
insert into SegmentoVideo values(7,'23:37:03','2018-01-20 05:32:22',44);
insert into SegmentoVideo values(8,'20:06:47','2018-01-20 05:32:22',44);
insert into SegmentoVideo values(9,'06:32:29','2018-01-20 05:32:22',44);
insert into SegmentoVideo values(10,'09:36:12','2018-01-20 05:32:22',44);
insert into SegmentoVideo values(11,'08:03:28','2018-01-20 05:32:22',44);
insert into SegmentoVideo values(12,'14:00:09','2018-01-20 05:32:22',44);
insert into SegmentoVideo values(13,'11:38:28','2018-01-20 05:32:22',44);
insert into SegmentoVideo values(14,'10:31:35','2018-01-20 05:32:22',44);
insert into SegmentoVideo values(15,'14:25:33','2018-01-20 05:32:22',44);
insert into SegmentoVideo values(16,'03:09:04','2018-01-20 05:32:22',44);
insert into SegmentoVideo values(17,'04:45:11','2018-01-20 05:32:22',44);
insert into SegmentoVideo values(18,'06:37:12','2018-01-20 05:32:22',44);
insert into SegmentoVideo values(19,'09:35:42','2018-01-20 05:32:22',44);
insert into SegmentoVideo values(20,'23:23:58','2018-01-20 05:32:22',44);
insert into SegmentoVideo values(21,'17:03:33','2018-01-20 05:32:22',44);
insert into SegmentoVideo values(22,'18:04:50','2018-01-20 05:32:22',44);
insert into SegmentoVideo values(23,'00:53:03','2018-01-20 05:32:22',44);
insert into SegmentoVideo values(24,'02:50:20','2018-01-20 05:32:22',44);
insert into SegmentoVideo values(25,'06:24:06','2018-01-20 05:32:22',44);
insert into SegmentoVideo values(26,'00:44:19','2018-01-20 05:32:22',44);
insert into SegmentoVideo values(27,'01:55:01','2018-01-20 05:32:22',44);
insert into SegmentoVideo values(28,'02:50:59','2018-01-20 05:32:22',44);
insert into SegmentoVideo values(29,'02:47:33','2018-01-20 05:32:22',44);
insert into SegmentoVideo values(30,'00:44:16','2018-01-20 05:32:22',44);
insert into SegmentoVideo values(31,'00:05:10','2018-01-20 05:32:22',44);
insert into SegmentoVideo values(32,'00:24:18','2018-01-20 05:32:22',44);
insert into SegmentoVideo values(33,'00:17:47','2018-01-20 05:32:22',44);
insert into SegmentoVideo values(34,'01:15:48','2018-01-20 05:32:22',44);
insert into SegmentoVideo values(35,'04:21:15','2018-01-20 05:32:22',44);
insert into SegmentoVideo values(1,'21:30:06','2018-01-04 14:41:55',74);
insert into SegmentoVideo values(2,'04:32:36','2018-01-04 14:41:55',74);
insert into SegmentoVideo values(3,'07:19:40','2018-01-04 14:41:55',74);
insert into SegmentoVideo values(4,'12:24:09','2018-01-04 14:41:55',74);
insert into SegmentoVideo values(5,'07:08:55','2018-01-04 14:41:55',74);
insert into SegmentoVideo values(6,'12:19:10','2018-01-04 14:41:55',74);
insert into SegmentoVideo values(7,'04:22:52','2018-01-04 14:41:55',74);
insert into SegmentoVideo values(8,'23:23:23','2018-01-04 14:41:55',74);
insert into SegmentoVideo values(9,'03:41:41','2018-01-04 14:41:55',74);
insert into SegmentoVideo values(10,'21:56:21','2018-01-04 14:41:55',74);
insert into SegmentoVideo values(11,'10:47:21','2018-01-04 14:41:55',74);
insert into SegmentoVideo values(12,'19:55:54','2018-01-04 14:41:55',74);
insert into SegmentoVideo values(13,'16:35:51','2018-01-04 14:41:55',74);
insert into SegmentoVideo values(14,'16:55:36','2018-01-04 14:41:55',74);
insert into SegmentoVideo values(15,'03:25:06','2018-01-04 14:41:55',74);
insert into SegmentoVideo values(16,'10:07:03','2018-01-04 14:41:55',74);
insert into SegmentoVideo values(17,'09:31:56','2018-01-04 14:41:55',74);
insert into SegmentoVideo values(18,'19:42:02','2018-01-04 14:41:55',74);
insert into SegmentoVideo values(19,'04:20:52','2018-01-04 14:41:55',74);
insert into SegmentoVideo values(20,'02:35:58','2018-01-04 14:41:55',74);
insert into SegmentoVideo values(21,'05:16:56','2018-01-04 14:41:55',74);
insert into SegmentoVideo values(22,'03:59:49','2018-01-04 14:41:55',74);
insert into SegmentoVideo values(23,'01:31:22','2018-01-04 14:41:55',74);
insert into SegmentoVideo values(24,'03:51:40','2018-01-04 14:41:55',74);
insert into SegmentoVideo values(25,'00:47:47','2018-01-04 14:41:55',74);
insert into SegmentoVideo values(26,'03:08:19','2018-01-04 14:41:55',74);
insert into SegmentoVideo values(27,'00:09:37','2018-01-04 14:41:55',74);
insert into SegmentoVideo values(28,'00:43:59','2018-01-04 14:41:55',74);
insert into SegmentoVideo values(29,'01:17:37','2018-01-04 14:41:55',74);
insert into SegmentoVideo values(30,'01:41:20','2018-01-04 14:41:55',74);
insert into SegmentoVideo values(31,'01:00:42','2018-01-04 14:41:55',74);
insert into SegmentoVideo values(32,'04:38:45','2018-01-04 14:41:55',74);
insert into SegmentoVideo values(1,'00:50:01','2018-04-01 13:26:47',51);
insert into SegmentoVideo values(2,'09:51:14','2018-04-01 13:26:47',51);
insert into SegmentoVideo values(3,'04:38:01','2018-04-01 13:26:47',51);
insert into SegmentoVideo values(4,'20:18:29','2018-04-01 13:26:47',51);
insert into SegmentoVideo values(5,'17:22:56','2018-04-01 13:26:47',51);
insert into SegmentoVideo values(6,'09:49:38','2018-04-01 13:26:47',51);
insert into SegmentoVideo values(7,'10:01:17','2018-04-01 13:26:47',51);
insert into SegmentoVideo values(8,'10:08:31','2018-04-01 13:26:47',51);
insert into SegmentoVideo values(9,'13:01:56','2018-04-01 13:26:47',51);
insert into SegmentoVideo values(10,'22:19:50','2018-04-01 13:26:47',51);
insert into SegmentoVideo values(11,'13:03:33','2018-04-01 13:26:47',51);
insert into SegmentoVideo values(12,'02:01:52','2018-04-01 13:26:47',51);
insert into SegmentoVideo values(13,'09:51:10','2018-04-01 13:26:47',51);
insert into SegmentoVideo values(14,'19:59:59','2018-04-01 13:26:47',51);
insert into SegmentoVideo values(15,'07:39:19','2018-04-01 13:26:47',51);
insert into SegmentoVideo values(16,'01:06:29','2018-04-01 13:26:47',51);
insert into SegmentoVideo values(17,'08:54:55','2018-04-01 13:26:47',51);
insert into SegmentoVideo values(18,'05:41:38','2018-04-01 13:26:47',51);
insert into SegmentoVideo values(19,'00:26:54','2018-04-01 13:26:47',51);
insert into SegmentoVideo values(20,'02:47:24','2018-04-01 13:26:47',51);
insert into SegmentoVideo values(21,'02:11:08','2018-04-01 13:26:47',51);
insert into SegmentoVideo values(22,'01:09:45','2018-04-01 13:26:47',51);
insert into SegmentoVideo values(23,'00:01:01','2018-04-01 13:26:47',51);
insert into SegmentoVideo values(24,'02:13:22','2018-04-01 13:26:47',51);
insert into SegmentoVideo values(25,'00:57:12','2018-04-01 13:26:47',51);
insert into SegmentoVideo values(26,'04:39:11','2018-04-01 13:26:47',51);
insert into SegmentoVideo values(1,'14:44:27','2018-05-14 20:19:37',53);
insert into SegmentoVideo values(2,'18:28:37','2018-05-14 20:19:37',53);
insert into SegmentoVideo values(3,'13:30:31','2018-05-14 20:19:37',53);
insert into SegmentoVideo values(4,'10:22:54','2018-05-14 20:19:37',53);
insert into SegmentoVideo values(5,'17:37:28','2018-05-14 20:19:37',53);
insert into SegmentoVideo values(6,'04:09:50','2018-05-14 20:19:37',53);
insert into SegmentoVideo values(7,'16:16:45','2018-05-14 20:19:37',53);
insert into SegmentoVideo values(8,'08:13:32','2018-05-14 20:19:37',53);
insert into SegmentoVideo values(9,'18:06:19','2018-05-14 20:19:37',53);
insert into SegmentoVideo values(10,'16:26:42','2018-05-14 20:19:37',53);
insert into SegmentoVideo values(11,'06:45:03','2018-05-14 20:19:37',53);
insert into SegmentoVideo values(12,'15:58:53','2018-05-14 20:19:37',53);
insert into SegmentoVideo values(13,'12:34:36','2018-05-14 20:19:37',53);
insert into SegmentoVideo values(14,'15:46:02','2018-05-14 20:19:37',53);
insert into SegmentoVideo values(15,'02:45:21','2018-05-14 20:19:37',53);
insert into SegmentoVideo values(16,'00:01:19','2018-05-14 20:19:37',53);
insert into SegmentoVideo values(17,'17:49:04','2018-05-14 20:19:37',53);
insert into SegmentoVideo values(18,'05:38:45','2018-05-14 20:19:37',53);
insert into SegmentoVideo values(19,'11:39:10','2018-05-14 20:19:37',53);
insert into SegmentoVideo values(20,'07:46:41','2018-05-14 20:19:37',53);
insert into SegmentoVideo values(21,'14:53:16','2018-05-14 20:19:37',53);
insert into SegmentoVideo values(22,'20:00:01','2018-05-14 20:19:37',53);
insert into SegmentoVideo values(23,'15:12:03','2018-05-14 20:19:37',53);
insert into SegmentoVideo values(24,'09:48:02','2018-05-14 20:19:37',53);
insert into SegmentoVideo values(25,'06:18:53','2018-05-14 20:19:37',53);
insert into SegmentoVideo values(26,'04:52:00','2018-05-14 20:19:37',53);
insert into SegmentoVideo values(27,'00:30:50','2018-05-14 20:19:37',53);
insert into SegmentoVideo values(28,'01:28:45','2018-05-14 20:19:37',53);
insert into SegmentoVideo values(29,'00:24:37','2018-05-14 20:19:37',53);
insert into SegmentoVideo values(30,'01:51:34','2018-05-14 20:19:37',53);
insert into SegmentoVideo values(31,'01:06:33','2018-05-14 20:19:37',53);
insert into SegmentoVideo values(32,'04:43:08','2018-05-14 20:19:37',53);
insert into SegmentoVideo values(1,'19:22:02','2018-08-05 11:45:59',75);
insert into SegmentoVideo values(2,'05:15:00','2018-08-05 11:45:59',75);
insert into SegmentoVideo values(3,'15:23:00','2018-08-05 11:45:59',75);
insert into SegmentoVideo values(4,'07:05:54','2018-08-05 11:45:59',75);
insert into SegmentoVideo values(5,'08:13:31','2018-08-05 11:45:59',75);
insert into SegmentoVideo values(6,'15:37:19','2018-08-05 11:45:59',75);
insert into SegmentoVideo values(7,'01:57:32','2018-08-05 11:45:59',75);
insert into SegmentoVideo values(8,'17:16:57','2018-08-05 11:45:59',75);
insert into SegmentoVideo values(9,'09:21:24','2018-08-05 11:45:59',75);
insert into SegmentoVideo values(10,'05:34:34','2018-08-05 11:45:59',75);
insert into SegmentoVideo values(11,'07:29:40','2018-08-05 11:45:59',75);
insert into SegmentoVideo values(12,'17:50:11','2018-08-05 11:45:59',75);
insert into SegmentoVideo values(13,'21:52:55','2018-08-05 11:45:59',75);
insert into SegmentoVideo values(14,'12:13:23','2018-08-05 11:45:59',75);
insert into SegmentoVideo values(15,'06:59:49','2018-08-05 11:45:59',75);
insert into SegmentoVideo values(16,'03:56:14','2018-08-05 11:45:59',75);
insert into SegmentoVideo values(17,'03:33:10','2018-08-05 11:45:59',75);
insert into SegmentoVideo values(18,'01:51:43','2018-08-05 11:45:59',75);
insert into SegmentoVideo values(19,'01:20:24','2018-08-05 11:45:59',75);
insert into SegmentoVideo values(20,'00:36:54','2018-08-05 11:45:59',75);
insert into SegmentoVideo values(21,'00:58:49','2018-08-05 11:45:59',75);
insert into SegmentoVideo values(22,'05:24:05','2018-08-05 11:45:59',75);
insert into SegmentoVideo values(1,'23:03:00','2018-06-25 12:37:57',67);
insert into SegmentoVideo values(2,'12:58:37','2018-06-25 12:37:57',67);
insert into SegmentoVideo values(3,'17:47:23','2018-06-25 12:37:57',67);
insert into SegmentoVideo values(4,'11:45:42','2018-06-25 12:37:57',67);
insert into SegmentoVideo values(5,'07:40:16','2018-06-25 12:37:57',67);
insert into SegmentoVideo values(6,'14:32:34','2018-06-25 12:37:57',67);
insert into SegmentoVideo values(7,'08:35:30','2018-06-25 12:37:57',67);
insert into SegmentoVideo values(8,'16:53:29','2018-06-25 12:37:57',67);
insert into SegmentoVideo values(9,'21:50:23','2018-06-25 12:37:57',67);
insert into SegmentoVideo values(10,'13:37:47','2018-06-25 12:37:57',67);
insert into SegmentoVideo values(11,'04:30:51','2018-06-25 12:37:57',67);
insert into SegmentoVideo values(12,'04:09:56','2018-06-25 12:37:57',67);
insert into SegmentoVideo values(13,'05:41:08','2018-06-25 12:37:57',67);
insert into SegmentoVideo values(14,'00:23:48','2018-06-25 12:37:57',67);
insert into SegmentoVideo values(15,'04:16:41','2018-06-25 12:37:57',67);
insert into SegmentoVideo values(16,'00:33:20','2018-06-25 12:37:57',67);
insert into SegmentoVideo values(17,'01:36:46','2018-06-25 12:37:57',67);
insert into SegmentoVideo values(18,'05:05:10','2018-06-25 12:37:57',67);
insert into SegmentoVideo values(1,'18:26:19','2018-06-04 06:01:32',74);
insert into SegmentoVideo values(2,'22:30:52','2018-06-04 06:01:32',74);
insert into SegmentoVideo values(3,'22:09:51','2018-06-04 06:01:32',74);
insert into SegmentoVideo values(4,'01:35:25','2018-06-04 06:01:32',74);
insert into SegmentoVideo values(5,'01:06:55','2018-06-04 06:01:32',74);
insert into SegmentoVideo values(6,'12:15:29','2018-06-04 06:01:32',74);
insert into SegmentoVideo values(7,'13:58:13','2018-06-04 06:01:32',74);
insert into SegmentoVideo values(8,'19:00:34','2018-06-04 06:01:32',74);
insert into SegmentoVideo values(9,'08:04:17','2018-06-04 06:01:32',74);
insert into SegmentoVideo values(10,'03:25:17','2018-06-04 06:01:32',74);
insert into SegmentoVideo values(11,'13:07:02','2018-06-04 06:01:32',74);
insert into SegmentoVideo values(12,'02:06:22','2018-06-04 06:01:32',74);
insert into SegmentoVideo values(13,'16:36:26','2018-06-04 06:01:32',74);
insert into SegmentoVideo values(14,'07:19:42','2018-06-04 06:01:32',74);
insert into SegmentoVideo values(15,'12:12:07','2018-06-04 06:01:32',74);
insert into SegmentoVideo values(16,'00:29:03','2018-06-04 06:01:32',74);
insert into SegmentoVideo values(17,'05:18:39','2018-06-04 06:01:32',74);
insert into SegmentoVideo values(18,'17:38:10','2018-06-04 06:01:32',74);
insert into SegmentoVideo values(19,'06:15:43','2018-06-04 06:01:32',74);
insert into SegmentoVideo values(20,'00:18:51','2018-06-04 06:01:32',74);
insert into SegmentoVideo values(21,'13:04:12','2018-06-04 06:01:32',74);
insert into SegmentoVideo values(22,'04:25:50','2018-06-04 06:01:32',74);
insert into SegmentoVideo values(23,'04:06:30','2018-06-04 06:01:32',74);
insert into SegmentoVideo values(24,'01:53:15','2018-06-04 06:01:32',74);
insert into SegmentoVideo values(25,'01:06:38','2018-06-04 06:01:32',74);
insert into SegmentoVideo values(26,'04:36:28','2018-06-04 06:01:32',74);
insert into SegmentoVideo values(1,'07:36:34','2018-01-21 08:09:04',49);
insert into SegmentoVideo values(2,'11:55:50','2018-01-21 08:09:04',49);
insert into SegmentoVideo values(3,'21:57:21','2018-01-21 08:09:04',49);
insert into SegmentoVideo values(4,'12:37:29','2018-01-21 08:09:04',49);
insert into SegmentoVideo values(5,'14:24:02','2018-01-21 08:09:04',49);
insert into SegmentoVideo values(6,'05:05:17','2018-01-21 08:09:04',49);
insert into SegmentoVideo values(7,'08:19:17','2018-01-21 08:09:04',49);
insert into SegmentoVideo values(8,'22:11:03','2018-01-21 08:09:04',49);
insert into SegmentoVideo values(9,'05:27:05','2018-01-21 08:09:04',49);
insert into SegmentoVideo values(10,'03:05:30','2018-01-21 08:09:04',49);
insert into SegmentoVideo values(11,'07:43:52','2018-01-21 08:09:04',49);
insert into SegmentoVideo values(12,'19:39:20','2018-01-21 08:09:04',49);
insert into SegmentoVideo values(13,'12:48:31','2018-01-21 08:09:04',49);
insert into SegmentoVideo values(14,'14:00:25','2018-01-21 08:09:04',49);
insert into SegmentoVideo values(15,'14:00:28','2018-01-21 08:09:04',49);
insert into SegmentoVideo values(16,'13:14:24','2018-01-21 08:09:04',49);
insert into SegmentoVideo values(17,'14:10:16','2018-01-21 08:09:04',49);
insert into SegmentoVideo values(18,'04:58:46','2018-01-21 08:09:04',49);
insert into SegmentoVideo values(19,'02:33:27','2018-01-21 08:09:04',49);
insert into SegmentoVideo values(20,'04:24:39','2018-01-21 08:09:04',49);
insert into SegmentoVideo values(21,'02:09:18','2018-01-21 08:09:04',49);
insert into SegmentoVideo values(22,'02:54:52','2018-01-21 08:09:04',49);
insert into SegmentoVideo values(23,'00:49:22','2018-01-21 08:09:04',49);
insert into SegmentoVideo values(24,'03:08:12','2018-01-21 08:09:04',49);
insert into SegmentoVideo values(25,'01:04:37','2018-01-21 08:09:04',49);
insert into SegmentoVideo values(26,'04:11:32','2018-01-21 08:09:04',49);
insert into SegmentoVideo values(27,'01:41:17','2018-01-21 08:09:04',49);
insert into SegmentoVideo values(28,'00:50:03','2018-01-21 08:09:04',49);
insert into SegmentoVideo values(29,'04:53:06','2018-01-21 08:09:04',49);
insert into SegmentoVideo values(1,'00:02:51','2018-10-14 15:44:14',32);
insert into SegmentoVideo values(2,'12:40:14','2018-10-14 15:44:14',32);
insert into SegmentoVideo values(3,'12:59:17','2018-10-14 15:44:14',32);
insert into SegmentoVideo values(4,'02:48:34','2018-10-14 15:44:14',32);
insert into SegmentoVideo values(5,'01:27:20','2018-10-14 15:44:14',32);
insert into SegmentoVideo values(6,'03:24:57','2018-10-14 15:44:14',32);
insert into SegmentoVideo values(7,'03:13:40','2018-10-14 15:44:14',32);
insert into SegmentoVideo values(8,'00:55:17','2018-10-14 15:44:14',32);
insert into SegmentoVideo values(9,'05:07:28','2018-10-14 15:44:14',32);
insert into SegmentoVideo values(1,'04:29:13','2018-03-09 15:48:40',74);
insert into SegmentoVideo values(2,'05:17:34','2018-03-09 15:48:40',74);
insert into SegmentoVideo values(3,'15:15:15','2018-03-09 15:48:40',74);
insert into SegmentoVideo values(4,'12:14:43','2018-03-09 15:48:40',74);
insert into SegmentoVideo values(5,'03:30:01','2018-03-09 15:48:40',74);
insert into SegmentoVideo values(6,'23:39:11','2018-03-09 15:48:40',74);
insert into SegmentoVideo values(7,'10:58:21','2018-03-09 15:48:40',74);
insert into SegmentoVideo values(8,'00:26:54','2018-03-09 15:48:40',74);
insert into SegmentoVideo values(9,'18:06:10','2018-03-09 15:48:40',74);
insert into SegmentoVideo values(10,'02:20:50','2018-03-09 15:48:40',74);
insert into SegmentoVideo values(11,'10:48:15','2018-03-09 15:48:40',74);
insert into SegmentoVideo values(12,'06:29:03','2018-03-09 15:48:40',74);
insert into SegmentoVideo values(13,'03:16:57','2018-03-09 15:48:40',74);
insert into SegmentoVideo values(14,'07:56:07','2018-03-09 15:48:40',74);
insert into SegmentoVideo values(15,'23:21:35','2018-03-09 15:48:40',74);
insert into SegmentoVideo values(16,'17:53:10','2018-03-09 15:48:40',74);
insert into SegmentoVideo values(17,'22:56:26','2018-03-09 15:48:40',74);
insert into SegmentoVideo values(18,'18:12:01','2018-03-09 15:48:40',74);
insert into SegmentoVideo values(19,'16:47:06','2018-03-09 15:48:40',74);
insert into SegmentoVideo values(20,'02:33:42','2018-03-09 15:48:40',74);
insert into SegmentoVideo values(21,'07:13:21','2018-03-09 15:48:40',74);
insert into SegmentoVideo values(22,'00:45:35','2018-03-09 15:48:40',74);
insert into SegmentoVideo values(23,'00:05:18','2018-03-09 15:48:40',74);
insert into SegmentoVideo values(24,'01:29:03','2018-03-09 15:48:40',74);
insert into SegmentoVideo values(25,'01:56:07','2018-03-09 15:48:40',74);
insert into SegmentoVideo values(26,'01:37:50','2018-03-09 15:48:40',74);
insert into SegmentoVideo values(27,'05:21:57','2018-03-09 15:48:40',74);
insert into SegmentoVideo values(1,'07:16:42','2018-05-07 17:30:14',60);
insert into SegmentoVideo values(2,'13:19:37','2018-05-07 17:30:14',60);
insert into SegmentoVideo values(3,'12:21:05','2018-05-07 17:30:14',60);
insert into SegmentoVideo values(4,'02:01:55','2018-05-07 17:30:14',60);
insert into SegmentoVideo values(5,'08:28:54','2018-05-07 17:30:14',60);
insert into SegmentoVideo values(6,'00:41:22','2018-05-07 17:30:14',60);
insert into SegmentoVideo values(7,'06:14:30','2018-05-07 17:30:14',60);
insert into SegmentoVideo values(8,'01:01:50','2018-05-07 17:30:14',60);
insert into SegmentoVideo values(9,'01:02:23','2018-05-07 17:30:14',60);
insert into SegmentoVideo values(10,'21:46:46','2018-05-07 17:30:14',60);
insert into SegmentoVideo values(11,'03:31:17','2018-05-07 17:30:14',60);
insert into SegmentoVideo values(12,'01:33:10','2018-05-07 17:30:14',60);
insert into SegmentoVideo values(13,'10:29:42','2018-05-07 17:30:14',60);
insert into SegmentoVideo values(14,'14:33:25','2018-05-07 17:30:14',60);
insert into SegmentoVideo values(15,'15:30:35','2018-05-07 17:30:14',60);
insert into SegmentoVideo values(16,'03:15:44','2018-05-07 17:30:14',60);
insert into SegmentoVideo values(17,'00:46:14','2018-05-07 17:30:14',60);
insert into SegmentoVideo values(18,'09:58:40','2018-05-07 17:30:14',60);
insert into SegmentoVideo values(19,'05:58:40','2018-05-07 17:30:14',60);
insert into SegmentoVideo values(20,'03:57:31','2018-05-07 17:30:14',60);
insert into SegmentoVideo values(21,'00:02:58','2018-05-07 17:30:14',60);
insert into SegmentoVideo values(22,'03:46:39','2018-05-07 17:30:14',60);
insert into SegmentoVideo values(23,'01:29:10','2018-05-07 17:30:14',60);
insert into SegmentoVideo values(24,'05:28:46','2018-05-07 17:30:14',60);
insert into SegmentoVideo values(1,'04:50:17','2018-10-10 04:01:29',86);
insert into SegmentoVideo values(2,'15:56:57','2018-10-10 04:01:29',86);
insert into SegmentoVideo values(3,'21:26:21','2018-10-10 04:01:29',86);
insert into SegmentoVideo values(4,'14:28:38','2018-10-10 04:01:29',86);
insert into SegmentoVideo values(5,'23:28:41','2018-10-10 04:01:29',86);
insert into SegmentoVideo values(6,'17:45:57','2018-10-10 04:01:29',86);
insert into SegmentoVideo values(7,'12:38:41','2018-10-10 04:01:29',86);
insert into SegmentoVideo values(8,'13:31:56','2018-10-10 04:01:29',86);
insert into SegmentoVideo values(9,'22:05:55','2018-10-10 04:01:29',86);
insert into SegmentoVideo values(10,'11:48:29','2018-10-10 04:01:29',86);
insert into SegmentoVideo values(11,'04:09:54','2018-10-10 04:01:29',86);
insert into SegmentoVideo values(12,'08:03:32','2018-10-10 04:01:29',86);
insert into SegmentoVideo values(13,'04:05:16','2018-10-10 04:01:29',86);
insert into SegmentoVideo values(14,'05:55:14','2018-10-10 04:01:29',86);
insert into SegmentoVideo values(15,'00:46:11','2018-10-10 04:01:29',86);
insert into SegmentoVideo values(16,'05:21:36','2018-10-10 04:01:29',86);
insert into SegmentoVideo values(17,'01:08:33','2018-10-10 04:01:29',86);
insert into SegmentoVideo values(18,'01:50:20','2018-10-10 04:01:29',86);
insert into SegmentoVideo values(19,'05:22:37','2018-10-10 04:01:29',86);

insert into Local values('Oliveira do Hospital');
insert into Local values('Santarem');
insert into Local values('Guarda');
insert into Local values('Viseu');
insert into Local values('Geres');
insert into Local values('Restelo');
insert into Local values('Faro');
insert into Local values('Areeiro');
insert into Local values('Arroios');
insert into Local values('Odivelas');
insert into Local values('Loures');
insert into Local values('Torres Novas');
insert into Local values('Leiria');
insert into Local values('Beja');
insert into Local values('Castro Verde');
insert into Local values('Mafra');
insert into Local values('Massama');
insert into Local values('Porto');
insert into Local values('Evora');
insert into Local values('Coimbra');
insert into Local values('Braga');
insert into Local values('Braganca');
insert into Local values('Trancoso');
insert into Local values('Viana do Castelo');
insert into Local values('Vila Nova de Gaia');
insert into Local values('Alges');
insert into Local values('Alcantara');
insert into Local values('Alfama');
insert into Local values('Oeiras');
insert into Local values('Carcavelos');
insert into Local values('Zibreira');
insert into Local values('Alcanena');
insert into Local values('Fatima');
insert into Local values('Portimao');
insert into Local values('Setubal');
insert into Local values('Ourem');
insert into Local values('Funchal');
insert into Local values('Sao Miguel');
insert into Local values('Terceira');
insert into Local values('Angra do Heroismo');
insert into Local values('Porto-Mos');
insert into Local values('Elvas');
insert into Local values('Lousa');
insert into Local values('Aveiro');
insert into Local values('Agueda');
insert into Local values('Castelo de Paiva');
insert into Local values('Mealhada');
insert into Local values('Ilhavo');
insert into Local values('Ovar');
insert into Local values('Vila Real');
insert into Local values('Portalegre');
insert into Local values('Redondo');
insert into Local values('Monforte');
insert into Local values('Reguengos');
insert into Local values('Gaviao');
insert into Local values('Aguiar da Beira');
insert into Local values('Sabugal');
insert into Local values('Manteigas');
insert into Local values('Seica');
insert into Local values('Gouveia');
insert into Local values('Povoa');
insert into Local values('Cartaxo');
insert into Local values('Alcobaca');
insert into Local values('Batalha');
insert into Local values('Alveijar');
insert into Local values('Charneca');
insert into Local values('Chamusca');
insert into Local values('Almeirim');
insert into Local values('Alpiarca');
insert into Local values('Lamarosa');
insert into Local values('Esperanca');
insert into Local values('Monchique');
insert into Local values('Outeiro Grande');
insert into Local values('Assentis');
insert into Local values('Murtosa');
insert into Local values('Vagos');
insert into Local values('Corroios');
insert into Local values('Odemira');
insert into Local values('Oliveira do Bairro');
insert into Local values('Serpa');
insert into Local values('Alenquer');
insert into Local values('Amadora');
insert into Local values('Torres Vedras');
insert into Local values('Alverca');
insert into Local values('Cascais');
insert into Local values('Sintra');
insert into Local values('Azambuja');
insert into Local values('Cadaval');
insert into Local values('Abrantes');
insert into Local values('Barquinha');
insert into Local values('Entroncamento');
insert into Local values('Golega');
insert into Local values('Pafarrao');
insert into Local values('Rio Maior');
insert into Local values('Macao');
insert into Local values('Tomar');
insert into Local values('Salvaterra de Magos');
insert into Local values('Badajoz');
insert into Local values('Coruche');
insert into Local values('Alqueidao');

insert into Vigia values('Gaviao',19);
insert into Vigia values('Alcantara',73);
insert into Vigia values('Vagos',27);
insert into Vigia values('Sao Miguel',31);
insert into Vigia values('Terceira',47);
insert into Vigia values('Leiria',77);
insert into Vigia values('Reguengos',4);
insert into Vigia values('Monchique',87);
insert into Vigia values('Vila Nova de Gaia',42);
insert into Vigia values('Castelo de Paiva',17);
insert into Vigia values('Setubal',78);
insert into Vigia values('Alcanena',49);
insert into Vigia values('Lousa',85);
insert into Vigia values('Tomar',68);
insert into Vigia values('Ourem',45);
insert into Vigia values('Coruche',5);
insert into Vigia values('Entroncamento',84);
insert into Vigia values('Fatima',23);
insert into Vigia values('Almeirim',12);
insert into Vigia values('Monforte',41);
insert into Vigia values('Gouveia',26);
insert into Vigia values('Ilhavo',94);
insert into Vigia values('Oeiras',7);
insert into Vigia values('Portimao',28);
insert into Vigia values('Serpa',38);
insert into Vigia values('Setubal',1);
insert into Vigia values('Azambuja',71);
insert into Vigia values('Cadaval',53);
insert into Vigia values('Manteigas',16);
insert into Vigia values('Vila Real',88);
insert into Vigia values('Gaviao',50);
insert into Vigia values('Alcobaca',81);
insert into Vigia values('Castro Verde',56);
insert into Vigia values('Cadaval',98);
insert into Vigia values('Restelo',66);
insert into Vigia values('Mealhada',70);
insert into Vigia values('Castro Verde',90);
insert into Vigia values('Castro Verde',46);
insert into Vigia values('Vila Nova de Gaia',25);
insert into Vigia values('Massama',80);
insert into Vigia values('Golega',95);
insert into Vigia values('Zibreira',37);
insert into Vigia values('Sao Miguel',72);
insert into Vigia values('Alveijar',44);
insert into Vigia values('Sabugal',75);
insert into Vigia values('Ilhavo',63);
insert into Vigia values('Tomar',43);
insert into Vigia values('Tomar',24);
insert into Vigia values('Guarda',67);
insert into Vigia values('Faro',22);
insert into Vigia values('Leiria',97);
insert into Vigia values('Serpa',14);
insert into Vigia values('Lamarosa',52);
insert into Vigia values('Sintra',93);
insert into Vigia values('Oliveira do Bairro',62);
insert into Vigia values('Cartaxo',92);
insert into Vigia values('Seica',99);
insert into Vigia values('Chamusca',86);
insert into Vigia values('Alcantara',91);
insert into Vigia values('Torres Novas',11);
insert into Vigia values('Sintra',2);
insert into Vigia values('Mafra',20);
insert into Vigia values('Badajoz',13);
insert into Vigia values('Alverca',83);
insert into Vigia values('Monchique',8);
insert into Vigia values('Porto-Mos',74);
insert into Vigia values('Viana do Castelo',82);
insert into Vigia values('Santarem',39);
insert into Vigia values('Alfama',89);
insert into Vigia values('Braganca',21);
insert into Vigia values('Rio Maior',35);
insert into Vigia values('Murtosa',48);
insert into Vigia values('Elvas',29);
insert into Vigia values('Cartaxo',10);
insert into Vigia values('Trancoso',76);
insert into Vigia values('Aveiro',6);
insert into Vigia values('Alcanena',30);
insert into Vigia values('Setubal',51);
insert into Vigia values('Sao Miguel',59);
insert into Vigia values('Torres Novas',34);
insert into Vigia values('Oliveira do Bairro',96);
insert into Vigia values('Amadora',32);
insert into Vigia values('Almeirim',54);
insert into Vigia values('Ourem',18);
insert into Vigia values('Cartaxo',61);
insert into Vigia values('Entroncamento',3);
insert into Vigia values('Seica',69);
insert into Vigia values('Oeiras',33);
insert into Vigia values('Braga',79);
insert into Vigia values('Braga',55);
insert into Vigia values('Oeiras',40);
insert into Vigia values('Funchal',64);
insert into Vigia values('Evora',58);
insert into Vigia values('Almeirim',15);
insert into Vigia values('Rio Maior',100);
insert into Vigia values('Povoa',9);
insert into Vigia values('Salvaterra de Magos',36);
insert into Vigia values('Leiria',60);
insert into Vigia values('Santarem',57);
insert into Vigia values('Sao Miguel',65);

insert into ProcessoSocorro values(1);
insert into ProcessoSocorro values(2);
insert into ProcessoSocorro values(3);
insert into ProcessoSocorro values(4);
insert into ProcessoSocorro values(5);
insert into ProcessoSocorro values(6);
insert into ProcessoSocorro values(7);
insert into ProcessoSocorro values(8);
insert into ProcessoSocorro values(9);
insert into ProcessoSocorro values(10);
insert into ProcessoSocorro values(11);
insert into ProcessoSocorro values(12);
insert into ProcessoSocorro values(13);
insert into ProcessoSocorro values(14);
insert into ProcessoSocorro values(15);
insert into ProcessoSocorro values(16);
insert into ProcessoSocorro values(17);
insert into ProcessoSocorro values(18);
insert into ProcessoSocorro values(19);
insert into ProcessoSocorro values(20);
insert into ProcessoSocorro values(21);
insert into ProcessoSocorro values(22);
insert into ProcessoSocorro values(23);
insert into ProcessoSocorro values(24);
insert into ProcessoSocorro values(25);
insert into ProcessoSocorro values(26);
insert into ProcessoSocorro values(27);
insert into ProcessoSocorro values(28);
insert into ProcessoSocorro values(29);
insert into ProcessoSocorro values(30);
insert into ProcessoSocorro values(31);
insert into ProcessoSocorro values(32);
insert into ProcessoSocorro values(33);
insert into ProcessoSocorro values(34);
insert into ProcessoSocorro values(35);
insert into ProcessoSocorro values(36);
insert into ProcessoSocorro values(37);
insert into ProcessoSocorro values(38);
insert into ProcessoSocorro values(39);
insert into ProcessoSocorro values(40);
insert into ProcessoSocorro values(41);
insert into ProcessoSocorro values(42);
insert into ProcessoSocorro values(43);
insert into ProcessoSocorro values(44);
insert into ProcessoSocorro values(45);
insert into ProcessoSocorro values(46);
insert into ProcessoSocorro values(47);
insert into ProcessoSocorro values(48);
insert into ProcessoSocorro values(49);
insert into ProcessoSocorro values(50);
insert into ProcessoSocorro values(51);
insert into ProcessoSocorro values(52);
insert into ProcessoSocorro values(53);
insert into ProcessoSocorro values(54);
insert into ProcessoSocorro values(55);
insert into ProcessoSocorro values(56);
insert into ProcessoSocorro values(57);
insert into ProcessoSocorro values(58);
insert into ProcessoSocorro values(59);
insert into ProcessoSocorro values(60);
insert into ProcessoSocorro values(61);
insert into ProcessoSocorro values(62);
insert into ProcessoSocorro values(63);
insert into ProcessoSocorro values(64);
insert into ProcessoSocorro values(65);
insert into ProcessoSocorro values(66);
insert into ProcessoSocorro values(67);
insert into ProcessoSocorro values(68);
insert into ProcessoSocorro values(69);
insert into ProcessoSocorro values(70);
insert into ProcessoSocorro values(71);
insert into ProcessoSocorro values(72);
insert into ProcessoSocorro values(73);
insert into ProcessoSocorro values(74);
insert into ProcessoSocorro values(75);
insert into ProcessoSocorro values(76);
insert into ProcessoSocorro values(77);
insert into ProcessoSocorro values(78);
insert into ProcessoSocorro values(79);
insert into ProcessoSocorro values(80);
insert into ProcessoSocorro values(81);
insert into ProcessoSocorro values(82);
insert into ProcessoSocorro values(83);
insert into ProcessoSocorro values(84);
insert into ProcessoSocorro values(85);
insert into ProcessoSocorro values(86);
insert into ProcessoSocorro values(87);
insert into ProcessoSocorro values(88);
insert into ProcessoSocorro values(89);
insert into ProcessoSocorro values(90);
insert into ProcessoSocorro values(91);
insert into ProcessoSocorro values(92);
insert into ProcessoSocorro values(93);
insert into ProcessoSocorro values(94);
insert into ProcessoSocorro values(95);
insert into ProcessoSocorro values(96);
insert into ProcessoSocorro values(97);
insert into ProcessoSocorro values(98);
insert into ProcessoSocorro values(99);
insert into ProcessoSocorro values(100);

insert into EventoEmergencia values('962336114','2018-12-05 07:44:56','Gabriela Doce','Charneca',39);
insert into EventoEmergencia values('915747057','2018-07-02 14:48:00','Emma cido','Redondo',90);
insert into EventoEmergencia values('938082796','2018-03-24 23:00:28','Nicole Doce','Macao',24);
insert into EventoEmergencia values('923020293','2018-08-20 05:39:02','Yasmin Salgado','Porto',78);
insert into EventoEmergencia values('921177207','2018-04-16 13:48:11','Kelly Doce','Arroios',12);
insert into EventoEmergencia values('931320248','2018-06-30 07:09:27','Margarida Salgado','Cadaval',31);
insert into EventoEmergencia values('919046712','2018-10-31 15:20:22','Madalena Salgado','Odivelas',78);
insert into EventoEmergencia values('964281111','2018-09-06 01:47:57','Caetana Doce','Sao Miguel',69);
insert into EventoEmergencia values('929268067','2018-09-23 01:36:11','Marta Doce','Reguengos',14);
insert into EventoEmergencia values('918400733','2018-04-03 23:39:44','Daniel Amargo','Alfama',37);
insert into EventoEmergencia values('960744429','2018-03-23 14:14:31','Emilia Umami','Torres Novas',59);
insert into EventoEmergencia values('968797139','2018-09-15 12:30:33','Sofia Amargo','Vagos',67);
insert into EventoEmergencia values('931624651','2018-01-14 07:13:13','Bianca cido','Povoa',68);
insert into EventoEmergencia values('964569745','2018-06-08 23:14:44','Luana Doce','Lousa',77);
insert into EventoEmergencia values('928540943','2018-04-25 05:38:44','Simao cido','Alqueidao',99);
insert into EventoEmergencia values('960062656','2018-07-06 00:52:41','Igor Umami','Monforte',84);
insert into EventoEmergencia values('965914776','2018-05-16 00:10:40','Mauro cido','Portalegre',71);
insert into EventoEmergencia values('964716446','2018-12-24 21:52:49','Iara Doce','Pafarrao',83);
insert into EventoEmergencia values('935425350','2018-11-30 11:21:29','Sebastiao cido','Barquinha',90);
insert into EventoEmergencia values('923020293','2018-12-11 00:34:00','Gil Amargo','Monforte',23);
insert into EventoEmergencia values('939904256','2018-04-20 11:47:26','Aurea Salgado','Ourem',56);
insert into EventoEmergencia values('938082796','2018-05-04 13:19:52','Diego Umami','Esperanca',62);
insert into EventoEmergencia values('960207391','2018-10-08 14:56:17','Diogo Amargo','Redondo',83);
insert into EventoEmergencia values('927350800','2018-02-10 16:03:01','Rodrigo Salgado','Mealhada',95);
insert into EventoEmergencia values('928916921','2018-02-04 21:55:31','Matilde Umami','Angra do Heroismo',11);
insert into EventoEmergencia values('914542199','2018-11-14 22:07:40','Sara Umami','Guarda',13);
insert into EventoEmergencia values('923114042','2018-12-30 03:58:54','Valentim Salgado','Vila Nova de Gaia',1);
insert into EventoEmergencia values('919095088','2018-08-29 02:58:44','Francisco cido','Geres',8);
insert into EventoEmergencia values('913623191','2018-10-02 07:06:46','Luisa Salgado','Beja',76);
insert into EventoEmergencia values('919046712','2018-09-08 10:54:22','Claudio Umami','Alcanena',89);
insert into EventoEmergencia values('922510972','2018-07-15 06:12:54','Daniela Amargo','Angra do Heroismo',5);
insert into EventoEmergencia values('962757970','2018-09-21 09:49:37','Alvaro cido','Rio Maior',86);
insert into EventoEmergencia values('967339773','2018-03-02 21:54:50','Emanuel Doce','Outeiro Grande',47);
insert into EventoEmergencia values('919659910','2018-06-04 04:04:27','Antonio cido','Porto',72);
insert into EventoEmergencia values('939853629','2018-11-14 16:53:17','Lourenco Doce','Viana do Castelo',63);
insert into EventoEmergencia values('919942707','2018-01-21 13:50:47','Luis Doce','Odemira',96);
insert into EventoEmergencia values('913301878','2018-06-04 10:41:49','Vitoria Doce','Restelo',96);
insert into EventoEmergencia values('933712755','2018-06-13 21:07:47','Mateus Amargo','Lousa',88);
insert into EventoEmergencia values('927350800','2018-04-01 09:47:47','Tomas Amargo','Entroncamento',34);
insert into EventoEmergencia values('928916921','2018-05-02 23:48:28','Joana Salgado','Assentis',43);
insert into EventoEmergencia values('961635245','2018-01-13 05:41:09','Santiago Doce','Beja',51);
insert into EventoEmergencia values('961762405','2018-06-12 01:11:17','Ana Doce','Serpa',30);
insert into EventoEmergencia values('964281111','2018-04-09 20:50:02','Ines Salgado','Trancoso',13);
insert into EventoEmergencia values('935241290','2018-12-13 06:16:33','Carminho cido','Torres Vedras',3);
insert into EventoEmergencia values('928902257','2018-09-05 06:13:11','Marco cido','Braganca',69);
insert into EventoEmergencia values('932984748','2018-10-27 00:51:03','Aurora Umami','Porto-Mos',56);
insert into EventoEmergencia values('932735462','2018-03-13 01:03:19','Rui Salgado','Ilhavo',54);
insert into EventoEmergencia values('969807069','2018-01-19 02:48:50','Luena Salgado','Ovar',52);
insert into EventoEmergencia values('921041223','2018-02-11 02:56:25','Barbara Salgado','Amadora',84);
insert into EventoEmergencia values('914140528','2018-11-08 01:05:23','Francisca Salgado','Loures',73);
insert into EventoEmergencia values('913623191','2018-01-21 12:40:01','Eva Umami','Guarda',54);
insert into EventoEmergencia values('913623191','2018-03-11 04:02:55','Carlota Doce','Elvas',92);
insert into EventoEmergencia values('962908831','2018-11-29 03:14:49','Lorena Doce','Tomar',27);
insert into EventoEmergencia values('964281111','2018-04-22 04:19:18','Eduarda Doce','Angra do Heroismo',32);
insert into EventoEmergencia values('965914776','2018-02-24 06:35:38','Leonardo cido','Loures',76);
insert into EventoEmergencia values('962757970','2018-11-16 19:04:42','Constanca Amargo','Santarem',93);
insert into EventoEmergencia values('923020293','2018-11-05 03:35:10','Camila Amargo','Funchal',87);
insert into EventoEmergencia values('937752496','2018-08-06 03:12:28','Sarah cido','Pafarrao',32);
insert into EventoEmergencia values('967339773','2018-03-06 12:55:21','Carolina Amargo','Coimbra',88);
insert into EventoEmergencia values('937653955','2018-03-04 07:48:29','Nelson Doce','Faro',60);
insert into EventoEmergencia values('964372171','2018-02-06 06:38:25','Angel Doce','Beja',86);
insert into EventoEmergencia values('930774202','2018-08-28 08:19:22','Isaac Doce','Entroncamento',79);
insert into EventoEmergencia values('962908831','2018-09-28 18:37:30','Alexandra Doce','Charneca',54);
insert into EventoEmergencia values('962549852','2018-02-04 04:12:39','Melissa cido','Angra do Heroismo',43);
insert into EventoEmergencia values('937752496','2018-09-27 00:28:31','Frederica Amargo','Castro Verde',35);
insert into EventoEmergencia values('962549852','2018-03-30 07:14:24','Rafael Amargo','Murtosa',90);
insert into EventoEmergencia values('964716446','2018-08-06 12:57:29','Matias Salgado','Pafarrao',63);
insert into EventoEmergencia values('965914776','2018-06-15 21:16:12','Filipe cido','Oeiras',1);
insert into EventoEmergencia values('935470817','2018-04-24 19:58:43','Isabela Amargo','Portalegre',91);
insert into EventoEmergencia values('912125841','2018-05-17 06:02:08','Bruna Amargo','Zibreira',10);
insert into EventoEmergencia values('910151928','2018-02-18 10:02:07','Nuria Umami','Oliveira do Bairro',11);
insert into EventoEmergencia values('923114042','2018-12-12 18:12:00','Mia cido','Esperanca',67);
insert into EventoEmergencia values('918808132','2018-06-21 23:20:52','Vera Doce','Mealhada',6);
insert into EventoEmergencia values('960062656','2018-10-28 09:35:26','Cristian Umami','Serpa',32);
insert into EventoEmergencia values('927350800','2018-08-17 10:46:53','Benedita cido','Carcavelos',52);
insert into EventoEmergencia values('939853629','2018-03-19 15:54:42','Diana cido','Areeiro',16);
insert into EventoEmergencia values('965475723','2018-02-03 01:06:45','Salome Salgado','Cadaval',81);
insert into EventoEmergencia values('910858927','2018-07-12 02:34:27','Anita Doce','Salvaterra de Magos',72);
insert into EventoEmergencia values('919147345','2018-12-29 19:27:29','Mafalda Umami','Alges',6);
insert into EventoEmergencia values('964165023','2018-02-02 20:10:28','David Umami','Vagos',88);
insert into EventoEmergencia values('964716446','2018-08-21 03:13:36','Moises Umami','Odemira',12);
insert into EventoEmergencia values('961635245','2018-05-31 19:58:56','Willia Amargo','Alverca',36);
insert into EventoEmergencia values('964165023','2018-08-08 19:56:03','Lucas Umami','Murtosa',95);
insert into EventoEmergencia values('960744429','2018-08-18 05:59:15','Xavier Salgado','Cadaval',49);
insert into EventoEmergencia values('938082796','2018-12-04 06:49:13','Renato Amargo','Braganca',96);
insert into EventoEmergencia values('965914776','2018-01-14 06:36:32','Joaquim Doce','Arroios',39);
insert into EventoEmergencia values('922490850','2018-05-14 23:52:55','Bruno Amargo','Castro Verde',63);
insert into EventoEmergencia values('918547524','2018-11-01 02:24:39','Mane Doce','Faro',77);
insert into EventoEmergencia values('969409135','2018-06-24 06:00:06','Artur Umami','Coruche',93);
insert into EventoEmergencia values('914140528','2018-05-24 10:02:29','Rafaela Amargo','Alfama',10);
insert into EventoEmergencia values('919542155','2018-08-01 01:24:05','Miriam cido','Serpa',63);
insert into EventoEmergencia values('921717134','2018-03-21 17:39:07','Ema Salgado','Viseu',36);
insert into EventoEmergencia values('935425350','2018-07-06 09:02:26','Andre Doce','Alveijar',31);
insert into EventoEmergencia values('912125841','2018-03-21 23:18:42','Micae Doce','Loures',58);
insert into EventoEmergencia values('962757970','2018-06-04 09:56:33','Helena Doce','Odivelas',38);
insert into EventoEmergencia values('939904256','2018-01-24 05:57:58','Raquel Amargo','Amadora',85);
insert into EventoEmergencia values('937392451','2018-05-28 05:06:40','Iris Amargo','Portimao',92);
insert into EventoEmergencia values('926078300','2018-06-22 20:22:13','Erica cido','Odivelas',20);
insert into EventoEmergencia values('919942707','2018-06-15 12:03:27','Sandra Amargo','Funchal',63);
insert into EventoEmergencia values('913301878','2018-02-12 10:12:10','Alexandre Amargo','Redondo',25);

insert into EntidadeMeio values('Bombeiros de Oliveira do Hospital');
insert into EntidadeMeio values('Camara Municipal de Oliveira do Hospital');
insert into EntidadeMeio values('Policia de Oliveira do Hospital');
insert into EntidadeMeio values('Bombeiros de Santarem');
insert into EntidadeMeio values('Camara Municipal de Santarem');
insert into EntidadeMeio values('Policia de Santarem');
insert into EntidadeMeio values('Bombeiros de Guarda');
insert into EntidadeMeio values('Camara Municipal de Guarda');
insert into EntidadeMeio values('Policia de Guarda');
insert into EntidadeMeio values('Bombeiros de Viseu');
insert into EntidadeMeio values('Camara Municipal de Viseu');
insert into EntidadeMeio values('Policia de Viseu');
insert into EntidadeMeio values('Bombeiros de Geres');
insert into EntidadeMeio values('Camara Municipal de Geres');
insert into EntidadeMeio values('Policia de Geres');
insert into EntidadeMeio values('Bombeiros de Restelo');
insert into EntidadeMeio values('Camara Municipal de Restelo');
insert into EntidadeMeio values('Policia de Restelo');
insert into EntidadeMeio values('Bombeiros de Faro');
insert into EntidadeMeio values('Camara Municipal de Faro');
insert into EntidadeMeio values('Policia de Faro');
insert into EntidadeMeio values('Bombeiros de Areeiro');
insert into EntidadeMeio values('Camara Municipal de Areeiro');
insert into EntidadeMeio values('Policia de Areeiro');
insert into EntidadeMeio values('Bombeiros de Arroios');
insert into EntidadeMeio values('Camara Municipal de Arroios');
insert into EntidadeMeio values('Policia de Arroios');
insert into EntidadeMeio values('Bombeiros de Odivelas');
insert into EntidadeMeio values('Camara Municipal de Odivelas');
insert into EntidadeMeio values('Policia de Odivelas');
insert into EntidadeMeio values('Bombeiros de Loures');
insert into EntidadeMeio values('Camara Municipal de Loures');
insert into EntidadeMeio values('Policia de Loures');
insert into EntidadeMeio values('Bombeiros de Torres Novas');
insert into EntidadeMeio values('Camara Municipal de Torres Novas');
insert into EntidadeMeio values('Policia de Torres Novas');
insert into EntidadeMeio values('Bombeiros de Leiria');
insert into EntidadeMeio values('Camara Municipal de Leiria');
insert into EntidadeMeio values('Policia de Leiria');
insert into EntidadeMeio values('Bombeiros de Beja');
insert into EntidadeMeio values('Camara Municipal de Beja');
insert into EntidadeMeio values('Policia de Beja');
insert into EntidadeMeio values('Bombeiros de Castro Verde');
insert into EntidadeMeio values('Camara Municipal de Castro Verde');
insert into EntidadeMeio values('Policia de Castro Verde');
insert into EntidadeMeio values('Bombeiros de Mafra');
insert into EntidadeMeio values('Camara Municipal de Mafra');
insert into EntidadeMeio values('Policia de Mafra');
insert into EntidadeMeio values('Bombeiros de Massama');
insert into EntidadeMeio values('Camara Municipal de Massama');
insert into EntidadeMeio values('Policia de Massama');
insert into EntidadeMeio values('Bombeiros de Porto');
insert into EntidadeMeio values('Camara Municipal de Porto');
insert into EntidadeMeio values('Policia de Porto');
insert into EntidadeMeio values('Bombeiros de Evora');
insert into EntidadeMeio values('Camara Municipal de Evora');
insert into EntidadeMeio values('Policia de Evora');
insert into EntidadeMeio values('Bombeiros de Coimbra');
insert into EntidadeMeio values('Camara Municipal de Coimbra');
insert into EntidadeMeio values('Policia de Coimbra');
insert into EntidadeMeio values('Bombeiros de Braga');
insert into EntidadeMeio values('Camara Municipal de Braga');
insert into EntidadeMeio values('Policia de Braga');
insert into EntidadeMeio values('Bombeiros de Braganca');
insert into EntidadeMeio values('Camara Municipal de Braganca');
insert into EntidadeMeio values('Policia de Braganca');
insert into EntidadeMeio values('Bombeiros de Trancoso');
insert into EntidadeMeio values('Camara Municipal de Trancoso');
insert into EntidadeMeio values('Policia de Trancoso');
insert into EntidadeMeio values('Bombeiros de Viana do Castelo');
insert into EntidadeMeio values('Camara Municipal de Viana do Castelo');
insert into EntidadeMeio values('Policia de Viana do Castelo');
insert into EntidadeMeio values('Bombeiros de Vila Nova de Gaia');
insert into EntidadeMeio values('Camara Municipal de Vila Nova de Gaia');
insert into EntidadeMeio values('Policia de Vila Nova de Gaia');
insert into EntidadeMeio values('Bombeiros de Alges');
insert into EntidadeMeio values('Camara Municipal de Alges');
insert into EntidadeMeio values('Policia de Alges');
insert into EntidadeMeio values('Bombeiros de Alcantara');
insert into EntidadeMeio values('Camara Municipal de Alcantara');
insert into EntidadeMeio values('Policia de Alcantara');
insert into EntidadeMeio values('Bombeiros de Alfama');
insert into EntidadeMeio values('Camara Municipal de Alfama');
insert into EntidadeMeio values('Policia de Alfama');
insert into EntidadeMeio values('Bombeiros de Oeiras');
insert into EntidadeMeio values('Camara Municipal de Oeiras');
insert into EntidadeMeio values('Policia de Oeiras');
insert into EntidadeMeio values('Bombeiros de Carcavelos');
insert into EntidadeMeio values('Camara Municipal de Carcavelos');
insert into EntidadeMeio values('Policia de Carcavelos');
insert into EntidadeMeio values('Bombeiros de Zibreira');
insert into EntidadeMeio values('Camara Municipal de Zibreira');
insert into EntidadeMeio values('Policia de Zibreira');
insert into EntidadeMeio values('Bombeiros de Alcanena');
insert into EntidadeMeio values('Camara Municipal de Alcanena');
insert into EntidadeMeio values('Policia de Alcanena');
insert into EntidadeMeio values('Bombeiros de Fatima');
insert into EntidadeMeio values('Camara Municipal de Fatima');
insert into EntidadeMeio values('Policia de Fatima');
insert into EntidadeMeio values('Bombeiros de Portimao');
insert into EntidadeMeio values('Camara Municipal de Portimao');
insert into EntidadeMeio values('Policia de Portimao');

insert into Meio values(42,'Carro','Policia de Faro');
insert into Meio values(120,'Bicicleta','Policia de Restelo');
insert into Meio values(288,'Retroescavadora','Camara Municipal de Odivelas');
insert into Meio values(131,'Skate','Camara Municipal de Massama');
insert into Meio values(13,'Submarino','Policia de Oeiras');
insert into Meio values(233,'Hoverboard','Camara Municipal de Loures');
insert into Meio values(264,'Mota','Policia de Restelo');
insert into Meio values(201,'Ambulncia','Policia de Viana do Castelo');
insert into Meio values(195,'Carro','Camara Municipal de Arroios');
insert into Meio values(260,'Hoverboard','Policia de Evora');
insert into Meio values(106,'Mota','Policia de Coimbra');
insert into Meio values(232,'Carro','Bombeiros de Zibreira');
insert into Meio values(220,'Jipe','Camara Municipal de Areeiro');
insert into Meio values(101,'Aviao','Camara Municipal de Mafra');
insert into Meio values(224,'Tanque','Policia de Portimao');
insert into Meio values(246,'Jipe','Bombeiros de Areeiro');
insert into Meio values(241,'Carrinha','Camara Municipal de Evora');
insert into Meio values(88,'Jipe','Camara Municipal de Faro');
insert into Meio values(146,'Submarino','Camara Municipal de Restelo');
insert into Meio values(228,'Aviao','Policia de Portimao');
insert into Meio values(62,'Carro','Bombeiros de Carcavelos');
insert into Meio values(102,'Bicicleta','Bombeiros de Viana do Castelo');
insert into Meio values(79,'Hoverboard','Camara Municipal de Guarda');
insert into Meio values(109,'Bicicleta','Bombeiros de Alcantara');
insert into Meio values(73,'Helicoptero','Bombeiros de Beja');
insert into Meio values(182,'Carrinha','Bombeiros de Evora');
insert into Meio values(208,'Mota','Camara Municipal de Viseu');
insert into Meio values(64,'Carro','Policia de Mafra');
insert into Meio values(283,'Bicicleta','Bombeiros de Viseu');
insert into Meio values(90,'Ambulncia','Camara Municipal de Massama');
insert into Meio values(134,'Bicicleta','Bombeiros de Braganca');
insert into Meio values(40,'Ambulncia','Camara Municipal de Areeiro');
insert into Meio values(185,'Ambulncia','Policia de Oeiras');
insert into Meio values(154,'Hoverboard','Bombeiros de Massama');
insert into Meio values(255,'Bicicleta','Camara Municipal de Braga');
insert into Meio values(238,'Ambulncia','Bombeiros de Coimbra');
insert into Meio values(196,'Aviao','Camara Municipal de Faro');
insert into Meio values(198,'Tanque','Policia de Massama');
insert into Meio values(247,'Mota','Policia de Trancoso');
insert into Meio values(115,'Tanque','Bombeiros de Castro Verde');
insert into Meio values(178,'Mota','Camara Municipal de Coimbra');
insert into Meio values(153,'Helicoptero','Camara Municipal de Restelo');
insert into Meio values(69,'Carro','Policia de Evora');
insert into Meio values(187,'Mota','Camara Municipal de Braga');
insert into Meio values(29,'Bicicleta','Bombeiros de Torres Novas');
insert into Meio values(37,'Carrinha','Camara Municipal de Braganca');
insert into Meio values(2,'Aviao','Bombeiros de Viana do Castelo');
insert into Meio values(45,'Hoverboard','Camara Municipal de Areeiro');
insert into Meio values(193,'Carrinha','Camara Municipal de Torres Novas');
insert into Meio values(55,'Helicoptero','Camara Municipal de Braganca');
insert into Meio values(36,'Hoverboard','Camara Municipal de Torres Novas');
insert into Meio values(163,'Helicoptero','Camara Municipal de Braganca');
insert into Meio values(268,'Carrinha','Policia de Viana do Castelo');
insert into Meio values(253,'Carro','Camara Municipal de Guarda');
insert into Meio values(225,'Carrinha','Camara Municipal de Oliveira do Hospital');
insert into Meio values(222,'Bicicleta','Camara Municipal de Vila Nova de Gaia');
insert into Meio values(65,'Mota','Camara Municipal de Vila Nova de Gaia');
insert into Meio values(54,'Mota','Camara Municipal de Zibreira');
insert into Meio values(35,'Hoverboard','Bombeiros de Castro Verde');
insert into Meio values(27,'Tanque','Bombeiros de Viana do Castelo');
insert into Meio values(172,'Jipe','Bombeiros de Mafra');
insert into Meio values(210,'Retroescavadora','Policia de Braga');
insert into Meio values(121,'Ambulncia','Camara Municipal de Restelo');
insert into Meio values(155,'Aviao','Camara Municipal de Mafra');
insert into Meio values(18,'Tanque','Policia de Viana do Castelo');
insert into Meio values(43,'Mota','Camara Municipal de Arroios');
insert into Meio values(189,'Mota','Bombeiros de Leiria');
insert into Meio values(85,'Ambulncia','Bombeiros de Loures');
insert into Meio values(290,'Helicoptero','Policia de Santarem');
insert into Meio values(237,'Helicoptero','Camara Municipal de Evora');
insert into Meio values(152,'Retroescavadora','Policia de Alcanena');
insert into Meio values(156,'Helicoptero','Camara Municipal de Areeiro');
insert into Meio values(244,'Skate','Bombeiros de Restelo');
insert into Meio values(4,'Submarino','Policia de Porto');
insert into Meio values(248,'Mota','Policia de Torres Novas');
insert into Meio values(71,'Tanque','Policia de Viana do Castelo');
insert into Meio values(164,'Skate','Bombeiros de Alfama');
insert into Meio values(76,'Jipe','Policia de Restelo');
insert into Meio values(126,'Ambulncia','Bombeiros de Oliveira do Hospital');
insert into Meio values(8,'Retroescavadora','Camara Municipal de Alcantara');
insert into Meio values(258,'Hoverboard','Bombeiros de Carcavelos');
insert into Meio values(139,'Jipe','Policia de Coimbra');
insert into Meio values(51,'Submarino','Bombeiros de Coimbra');
insert into Meio values(221,'Retroescavadora','Policia de Viseu');
insert into Meio values(161,'Submarino','Camara Municipal de Alcantara');
insert into Meio values(269,'Helicoptero','Bombeiros de Areeiro');
insert into Meio values(281,'Ambulncia','Bombeiros de Loures');
insert into Meio values(277,'Retroescavadora','Bombeiros de Guarda');
insert into Meio values(271,'Hoverboard','Policia de Carcavelos');
insert into Meio values(21,'Skate','Policia de Braganca');
insert into Meio values(32,'Skate','Policia de Alfama');
insert into Meio values(176,'Skate','Policia de Mafra');
insert into Meio values(273,'Carro','Bombeiros de Oeiras');
insert into Meio values(234,'Hoverboard','Camara Municipal de Restelo');
insert into Meio values(30,'Submarino','Bombeiros de Trancoso');
insert into Meio values(117,'Jipe','Camara Municipal de Arroios');
insert into Meio values(274,'Aviao','Bombeiros de Alcanena');
insert into Meio values(159,'Helicoptero','Bombeiros de Santarem');
insert into Meio values(26,'Submarino','Camara Municipal de Portimao');
insert into Meio values(128,'Skate','Camara Municipal de Oliveira do Hospital');
insert into Meio values(94,'Carro','Policia de Carcavelos');
insert into Meio values(215,'Submarino','Policia de Leiria');
insert into Meio values(158,'Jipe','Camara Municipal de Braganca');
insert into Meio values(261,'Mota','Bombeiros de Coimbra');
insert into Meio values(240,'Helicoptero','Policia de Carcavelos');
insert into Meio values(99,'Tanque','Camara Municipal de Alcanena');
insert into Meio values(67,'Jipe','Camara Municipal de Alges');
insert into Meio values(103,'Aviao','Bombeiros de Alfama');
insert into Meio values(200,'Retroescavadora','Policia de Alges');
insert into Meio values(170,'Submarino','Policia de Geres');
insert into Meio values(197,'Hoverboard','Bombeiros de Trancoso');
insert into Meio values(275,'Skate','Policia de Braga');
insert into Meio values(223,'Mota','Policia de Oeiras');
insert into Meio values(226,'Mota','Camara Municipal de Braga');
insert into Meio values(199,'Carro','Policia de Alfama');
insert into Meio values(39,'Hoverboard','Policia de Oeiras');
insert into Meio values(78,'Bicicleta','Policia de Viana do Castelo');
insert into Meio values(72,'Retroescavadora','Policia de Faro');
insert into Meio values(22,'Carrinha','Camara Municipal de Santarem');
insert into Meio values(169,'Retroescavadora','Policia de Coimbra');
insert into Meio values(95,'Mota','Bombeiros de Fatima');
insert into Meio values(129,'Tanque','Bombeiros de Faro');
insert into Meio values(252,'Helicoptero','Bombeiros de Alges');
insert into Meio values(104,'Aviao','Camara Municipal de Torres Novas');
insert into Meio values(34,'Carro','Camara Municipal de Portimao');
insert into Meio values(57,'Carrinha','Policia de Massama');
insert into Meio values(123,'Carro','Bombeiros de Oliveira do Hospital');
insert into Meio values(168,'Carrinha','Camara Municipal de Oeiras');
insert into Meio values(75,'Jipe','Bombeiros de Torres Novas');
insert into Meio values(110,'Tanque','Bombeiros de Mafra');
insert into Meio values(297,'Submarino','Camara Municipal de Carcavelos');
insert into Meio values(285,'Tanque','Policia de Guarda');
insert into Meio values(165,'Aviao','Bombeiros de Guarda');
insert into Meio values(230,'Skate','Camara Municipal de Faro');
insert into Meio values(242,'Ambulncia','Policia de Torres Novas');
insert into Meio values(61,'Skate','Policia de Alfama');
insert into Meio values(38,'Bicicleta','Policia de Porto');
insert into Meio values(298,'Retroescavadora','Policia de Evora');
insert into Meio values(278,'Skate','Bombeiros de Areeiro');
insert into Meio values(135,'Aviao','Bombeiros de Braga');
insert into Meio values(245,'Aviao','Bombeiros de Torres Novas');
insert into Meio values(180,'Carrinha','Camara Municipal de Oliveira do Hospital');
insert into Meio values(68,'Ambulncia','Bombeiros de Loures');
insert into Meio values(138,'Retroescavadora','Camara Municipal de Trancoso');
insert into Meio values(41,'Tanque','Camara Municipal de Fatima');
insert into Meio values(294,'Bicicleta','Bombeiros de Oeiras');
insert into Meio values(272,'Retroescavadora','Camara Municipal de Castro Verde');
insert into Meio values(96,'Mota','Policia de Alges');
insert into Meio values(211,'Tanque','Policia de Alges');
insert into Meio values(136,'Skate','Camara Municipal de Alfama');
insert into Meio values(175,'Aviao','Camara Municipal de Faro');
insert into Meio values(111,'Bicicleta','Camara Municipal de Vila Nova de Gaia');
insert into Meio values(251,'Tanque','Policia de Alcanena');
insert into Meio values(239,'Bicicleta','Policia de Areeiro');
insert into Meio values(162,'Bicicleta','Bombeiros de Carcavelos');
insert into Meio values(77,'Helicoptero','Policia de Vila Nova de Gaia');
insert into Meio values(293,'Retroescavadora','Bombeiros de Odivelas');
insert into Meio values(217,'Hoverboard','Camara Municipal de Beja');
insert into Meio values(147,'Aviao','Camara Municipal de Massama');
insert into Meio values(289,'Aviao','Policia de Braganca');
insert into Meio values(63,'Retroescavadora','Camara Municipal de Faro');
insert into Meio values(299,'Carrinha','Policia de Faro');
insert into Meio values(9,'Hoverboard','Policia de Oeiras');
insert into Meio values(249,'Skate','Camara Municipal de Torres Novas');
insert into Meio values(97,'Ambulncia','Bombeiros de Coimbra');
insert into Meio values(100,'Aviao','Policia de Coimbra');
insert into Meio values(143,'Aviao','Bombeiros de Mafra');
insert into Meio values(107,'Skate','Bombeiros de Evora');
insert into Meio values(295,'Mota','Policia de Loures');
insert into Meio values(46,'Carrinha','Policia de Portimao');
insert into Meio values(124,'Retroescavadora','Policia de Alcanena');
insert into Meio values(82,'Retroescavadora','Policia de Zibreira');
insert into Meio values(130,'Mota','Policia de Oeiras');
insert into Meio values(19,'Tanque','Policia de Leiria');
insert into Meio values(191,'Helicoptero','Camara Municipal de Alcantara');
insert into Meio values(10,'Ambulncia','Bombeiros de Leiria');
insert into Meio values(141,'Helicoptero','Bombeiros de Restelo');
insert into Meio values(56,'Jipe','Policia de Viseu');
insert into Meio values(282,'Jipe','Policia de Braganca');
insert into Meio values(214,'Hoverboard','Policia de Santarem');
insert into Meio values(265,'Mota','Bombeiros de Porto');
insert into Meio values(280,'Carrinha','Camara Municipal de Portimao');
insert into Meio values(181,'Ambulncia','Camara Municipal de Odivelas');
insert into Meio values(25,'Skate','Policia de Santarem');
insert into Meio values(70,'Hoverboard','Policia de Santarem');
insert into Meio values(179,'Helicoptero','Policia de Vila Nova de Gaia');
insert into Meio values(47,'Helicoptero','Policia de Torres Novas');
insert into Meio values(236,'Bicicleta','Policia de Massama');
insert into Meio values(254,'Carro','Bombeiros de Beja');
insert into Meio values(28,'Aviao','Camara Municipal de Alcantara');
insert into Meio values(188,'Carro','Bombeiros de Odivelas');
insert into Meio values(157,'Retroescavadora','Camara Municipal de Porto');
insert into Meio values(92,'Carrinha','Policia de Fatima');
insert into Meio values(149,'Bicicleta','Bombeiros de Beja');
insert into Meio values(216,'Ambulncia','Policia de Odivelas');
insert into Meio values(296,'Ambulncia','Bombeiros de Viseu');
insert into Meio values(6,'Carrinha','Bombeiros de Viana do Castelo');
insert into Meio values(148,'Ambulncia','Bombeiros de Oeiras');
insert into Meio values(52,'Jipe','Camara Municipal de Areeiro');
insert into Meio values(113,'Submarino','Bombeiros de Vila Nova de Gaia');
insert into Meio values(262,'Skate','Policia de Leiria');
insert into Meio values(81,'Submarino','Policia de Fatima');
insert into Meio values(145,'Hoverboard','Camara Municipal de Porto');
insert into Meio values(132,'Helicoptero','Policia de Massama');
insert into Meio values(17,'Mota','Camara Municipal de Guarda');
insert into Meio values(213,'Retroescavadora','Camara Municipal de Massama');
insert into Meio values(14,'Carro','Policia de Mafra');
insert into Meio values(142,'Carrinha','Policia de Faro');
insert into Meio values(86,'Retroescavadora','Policia de Zibreira');
insert into Meio values(1,'Hoverboard','Camara Municipal de Faro');
insert into Meio values(190,'Submarino','Bombeiros de Alcanena');
insert into Meio values(15,'Retroescavadora','Policia de Areeiro');
insert into Meio values(48,'Carro','Bombeiros de Porto');
insert into Meio values(105,'Aviao','Bombeiros de Restelo');
insert into Meio values(151,'Submarino','Camara Municipal de Portimao');
insert into Meio values(184,'Helicoptero','Camara Municipal de Coimbra');
insert into Meio values(203,'Submarino','Camara Municipal de Vila Nova de Gaia');
insert into Meio values(44,'Ambulncia','Bombeiros de Viana do Castelo');
insert into Meio values(219,'Tanque','Policia de Leiria');
insert into Meio values(229,'Tanque','Camara Municipal de Oeiras');
insert into Meio values(125,'Retroescavadora','Camara Municipal de Torres Novas');
insert into Meio values(59,'Retroescavadora','Camara Municipal de Santarem');
insert into Meio values(192,'Tanque','Camara Municipal de Guarda');
insert into Meio values(31,'Aviao','Bombeiros de Evora');
insert into Meio values(160,'Ambulncia','Policia de Fatima');
insert into Meio values(33,'Mota','Camara Municipal de Portimao');
insert into Meio values(173,'Retroescavadora','Bombeiros de Porto');
insert into Meio values(276,'Retroescavadora','Bombeiros de Mafra');
insert into Meio values(112,'Aviao','Camara Municipal de Evora');
insert into Meio values(144,'Aviao','Policia de Santarem');
insert into Meio values(23,'Jipe','Camara Municipal de Trancoso');
insert into Meio values(227,'Retroescavadora','Policia de Faro');
insert into Meio values(89,'Aviao','Policia de Alcantara');
insert into Meio values(74,'Carro','Policia de Beja');
insert into Meio values(3,'Carro','Policia de Coimbra');
insert into Meio values(206,'Aviao','Bombeiros de Carcavelos');
insert into Meio values(116,'Bicicleta','Camara Municipal de Torres Novas');
insert into Meio values(133,'Mota','Policia de Oeiras');
insert into Meio values(267,'Skate','Camara Municipal de Evora');
insert into Meio values(266,'Bicicleta','Policia de Trancoso');
insert into Meio values(53,'Skate','Bombeiros de Faro');
insert into Meio values(137,'Hoverboard','Bombeiros de Faro');
insert into Meio values(93,'Submarino','Policia de Coimbra');
insert into Meio values(11,'Hoverboard','Bombeiros de Vila Nova de Gaia');
insert into Meio values(60,'Carrinha','Bombeiros de Portimao');
insert into Meio values(84,'Tanque','Camara Municipal de Zibreira');
insert into Meio values(16,'Helicoptero','Policia de Oeiras');
insert into Meio values(7,'Helicoptero','Bombeiros de Portimao');
insert into Meio values(174,'Ambulncia','Policia de Odivelas');
insert into Meio values(207,'Tanque','Policia de Castro Verde');
insert into Meio values(12,'Skate','Camara Municipal de Oliveira do Hospital');
insert into Meio values(58,'Carro','Bombeiros de Castro Verde');
insert into Meio values(209,'Hoverboard','Camara Municipal de Faro');
insert into Meio values(212,'Retroescavadora','Camara Municipal de Portimao');
insert into Meio values(205,'Mota','Bombeiros de Braganca');
insert into Meio values(279,'Carro','Camara Municipal de Braga');
insert into Meio values(87,'Ambulncia','Policia de Zibreira');
insert into Meio values(231,'Mota','Policia de Evora');
insert into Meio values(270,'Skate','Bombeiros de Alcanena');
insert into Meio values(114,'Retroescavadora','Camara Municipal de Santarem');
insert into Meio values(257,'Skate','Bombeiros de Porto');
insert into Meio values(284,'Carro','Policia de Arroios');
insert into Meio values(177,'Submarino','Camara Municipal de Restelo');
insert into Meio values(5,'Ambulncia','Bombeiros de Beja');
insert into Meio values(127,'Bicicleta','Policia de Alcanena');
insert into Meio values(167,'Submarino','Bombeiros de Santarem');
insert into Meio values(183,'Helicoptero','Camara Municipal de Alges');
insert into Meio values(50,'Aviao','Policia de Areeiro');
insert into Meio values(118,'Skate','Policia de Vila Nova de Gaia');
insert into Meio values(83,'Submarino','Policia de Oliveira do Hospital');
insert into Meio values(119,'Carro','Policia de Carcavelos');
insert into Meio values(250,'Jipe','Camara Municipal de Loures');
insert into Meio values(259,'Mota','Camara Municipal de Viseu');
insert into Meio values(218,'Ambulncia','Bombeiros de Alcantara');
insert into Meio values(256,'Helicoptero','Policia de Fatima');
insert into Meio values(108,'Helicoptero','Camara Municipal de Evora');
insert into Meio values(122,'Tanque','Bombeiros de Zibreira');
insert into Meio values(66,'Hoverboard','Camara Municipal de Viseu');
insert into Meio values(24,'Jipe','Policia de Santarem');
insert into Meio values(171,'Helicoptero','Camara Municipal de Trancoso');
insert into Meio values(194,'Carrinha','Policia de Oliveira do Hospital');
insert into Meio values(235,'Skate','Bombeiros de Fatima');
insert into Meio values(140,'Helicoptero','Camara Municipal de Santarem');
insert into Meio values(243,'Jipe','Policia de Odivelas');
insert into Meio values(80,'Aviao','Bombeiros de Oeiras');
insert into Meio values(91,'Aviao','Bombeiros de Viseu');
insert into Meio values(150,'Carrinha','Policia de Coimbra');
insert into Meio values(20,'Jipe','Camara Municipal de Restelo');
insert into Meio values(202,'Tanque','Policia de Guarda');
insert into Meio values(263,'Hoverboard','Camara Municipal de Trancoso');
insert into Meio values(186,'Hoverboard','Camara Municipal de Geres');
insert into Meio values(291,'Bicicleta','Camara Municipal de Coimbra');
insert into Meio values(49,'Bicicleta','Bombeiros de Viseu');
insert into Meio values(98,'Helicoptero','Policia de Braganca');
insert into Meio values(292,'Ambulncia','Policia de Fatima');
insert into Meio values(166,'Skate','Bombeiros de Evora');
insert into Meio values(287,'Retroescavadora','Camara Municipal de Faro');
insert into Meio values(300,'Hoverboard','Camara Municipal de Beja');
insert into Meio values(204,'Submarino','Camara Municipal de Odivelas');
insert into Meio values(286,'Helicoptero','Policia de Faro');

insert into Meio values(301,'Hoverboard', 'Policia de Faro');
insert into Meio values(302,'Bicicleta', 'Policia de Faro');
insert into Meio values(303,'Tanque', 'Policia de Faro');
insert into Meio values(304,'Submarino', 'Policia de Faro');
insert into Meio values(305,'Carro', 'Policia de Faro');
insert into Meio values(306,'Carrinha', 'Policia de Faro');
insert into Meio values(307,'Jipe', 'Policia de Faro');
insert into Meio values(308,'Helicoptero', 'Policia de Faro');
insert into Meio values(309,'Helicoptero', 'Policia de Faro');
insert into Meio values(310,'Helicoptero', 'Policia de Faro');
insert into Meio values(311,'Helicoptero', 'Policia de Faro');
insert into Meio values(312,'Helicoptero', 'Policia de Faro');
insert into Meio values(313,'Helicoptero', 'Policia de Faro');
insert into Meio values(314,'Helicoptero', 'Policia de Faro');
insert into Meio values(315,'Helicoptero', 'Policia de Faro');
insert into Meio values(316,'Helicoptero', 'Policia de Faro');
insert into Meio values(317,'Helicoptero', 'Policia de Faro');
insert into Meio values(318,'Helicoptero', 'Policia de Faro');
insert into Meio values(319,'Helicoptero', 'Policia de Faro');
insert into Meio values(320,'Helicoptero', 'Policia de Faro');

insert into Meio values(321,'Hoverboard', 'Policia de Faro');
insert into Meio values(322,'Bicicleta', 'Policia de Faro');
insert into Meio values(323,'Tanque', 'Policia de Faro');
insert into Meio values(324,'Submarino', 'Policia de Faro');
insert into Meio values(325,'Carro', 'Policia de Faro');
insert into Meio values(326,'Carrinha', 'Policia de Faro');
insert into Meio values(327,'Jipe', 'Policia de Faro');
insert into Meio values(328,'Helicoptero', 'Policia de Faro');
insert into Meio values(329,'Helicoptero', 'Policia de Faro');
insert into Meio values(330,'Helicoptero', 'Policia de Faro');
insert into Meio values(331,'Helicoptero', 'Policia de Faro');
insert into Meio values(332,'Helicoptero', 'Policia de Faro');
insert into Meio values(333,'Helicoptero', 'Policia de Faro');
insert into Meio values(334,'Helicoptero', 'Policia de Faro');
insert into Meio values(335,'Helicoptero', 'Policia de Faro');
insert into Meio values(336,'Helicoptero', 'Policia de Faro');
insert into Meio values(337,'Helicoptero', 'Policia de Faro');
insert into Meio values(338,'Helicoptero', 'Policia de Faro');
insert into Meio values(339,'Helicoptero', 'Policia de Faro');
insert into Meio values(340,'Helicoptero', 'Policia de Faro');

insert into Meio values(341,'Hoverboard', 'Policia de Faro');
insert into Meio values(342,'Bicicleta', 'Policia de Faro');
insert into Meio values(343,'Tanque', 'Policia de Faro');
insert into Meio values(344,'Submarino', 'Policia de Faro');
insert into Meio values(345,'Carro', 'Policia de Faro');
insert into Meio values(346,'Carrinha', 'Policia de Faro');
insert into Meio values(347,'Jipe', 'Policia de Faro');
insert into Meio values(348,'Helicoptero', 'Policia de Faro');
insert into Meio values(349,'Helicoptero', 'Policia de Faro');
insert into Meio values(350,'Helicoptero', 'Policia de Faro');
insert into Meio values(351,'Helicoptero', 'Policia de Faro');
insert into Meio values(352,'Helicoptero', 'Policia de Faro');
insert into Meio values(353,'Helicoptero', 'Policia de Faro');
insert into Meio values(354,'Helicoptero', 'Policia de Faro');
insert into Meio values(355,'Helicoptero', 'Policia de Faro');
insert into Meio values(356,'Helicoptero', 'Policia de Faro');
insert into Meio values(357,'Helicoptero', 'Policia de Faro');
insert into Meio values(358,'Helicoptero', 'Policia de Faro');
insert into Meio values(359,'Helicoptero', 'Policia de Faro');
insert into Meio values(360,'Helicoptero', 'Policia de Faro');

insert into Meio values(361,'Hoverboard', 'Policia de Faro');
insert into Meio values(362,'Bicicleta', 'Policia de Faro');
insert into Meio values(363,'Tanque', 'Policia de Faro');
insert into Meio values(364,'Submarino', 'Policia de Faro');
insert into Meio values(365,'Carro', 'Policia de Faro');
insert into Meio values(366,'Carrinha', 'Policia de Faro');
insert into Meio values(367,'Jipe', 'Policia de Faro');
insert into Meio values(368,'Helicoptero', 'Policia de Faro');
insert into Meio values(369,'Helicoptero', 'Policia de Faro');
insert into Meio values(370,'Helicoptero', 'Policia de Faro');
insert into Meio values(371,'Helicoptero', 'Policia de Faro');
insert into Meio values(372,'Helicoptero', 'Policia de Faro');
insert into Meio values(373,'Helicoptero', 'Policia de Faro');
insert into Meio values(374,'Helicoptero', 'Policia de Faro');
insert into Meio values(375,'Helicoptero', 'Policia de Faro');
insert into Meio values(376,'Helicoptero', 'Policia de Faro');
insert into Meio values(377,'Helicoptero', 'Policia de Faro');
insert into Meio values(378,'Helicoptero', 'Policia de Faro');
insert into Meio values(379,'Helicoptero', 'Policia de Faro');
insert into Meio values(380,'Helicoptero', 'Policia de Faro');

insert into Meio values(381,'Hoverboard', 'Policia de Faro');
insert into Meio values(382,'Bicicleta', 'Policia de Faro');
insert into Meio values(383,'Tanque', 'Policia de Faro');
insert into Meio values(384,'Submarino', 'Policia de Faro');
insert into Meio values(385,'Carro', 'Policia de Faro');
insert into Meio values(386,'Carrinha', 'Policia de Faro');
insert into Meio values(387,'Jipe', 'Policia de Faro');
insert into Meio values(388,'Helicoptero', 'Policia de Faro');
insert into Meio values(389,'Helicoptero', 'Policia de Faro');
insert into Meio values(390,'Helicoptero', 'Policia de Faro');
insert into Meio values(391,'Helicoptero', 'Policia de Faro');
insert into Meio values(392,'Helicoptero', 'Policia de Faro');
insert into Meio values(393,'Helicoptero', 'Policia de Faro');
insert into Meio values(394,'Helicoptero', 'Policia de Faro');
insert into Meio values(395,'Helicoptero', 'Policia de Faro');
insert into Meio values(396,'Helicoptero', 'Policia de Faro');
insert into Meio values(397,'Helicoptero', 'Policia de Faro');
insert into Meio values(398,'Helicoptero', 'Policia de Faro');
insert into Meio values(399,'Helicoptero', 'Policia de Faro');
insert into Meio values(400,'Helicoptero', 'Policia de Faro');


insert into MeioCombate values(42,'Policia de Faro');
insert into MeioCombate values(120,'Policia de Restelo');
insert into MeioCombate values(288,'Camara Municipal de Odivelas');
insert into MeioCombate values(131,'Camara Municipal de Massama');
insert into MeioCombate values(13,'Policia de Oeiras');
insert into MeioCombate values(233,'Camara Municipal de Loures');
insert into MeioCombate values(264,'Policia de Restelo');
insert into MeioCombate values(201,'Policia de Viana do Castelo');
insert into MeioCombate values(195,'Camara Municipal de Arroios');
insert into MeioCombate values(260,'Policia de Evora');
insert into MeioCombate values(106,'Policia de Coimbra');
insert into MeioCombate values(232,'Bombeiros de Zibreira');
insert into MeioCombate values(220,'Camara Municipal de Areeiro');
insert into MeioCombate values(101,'Camara Municipal de Mafra');
insert into MeioCombate values(224,'Policia de Portimao');
insert into MeioCombate values(246,'Bombeiros de Areeiro');
insert into MeioCombate values(241,'Camara Municipal de Evora');
insert into MeioCombate values(88,'Camara Municipal de Faro');
insert into MeioCombate values(146,'Camara Municipal de Restelo');
insert into MeioCombate values(228,'Policia de Portimao');
insert into MeioCombate values(62,'Bombeiros de Carcavelos');
insert into MeioCombate values(102,'Bombeiros de Viana do Castelo');
insert into MeioCombate values(79,'Camara Municipal de Guarda');
insert into MeioCombate values(109,'Bombeiros de Alcantara');
insert into MeioCombate values(73,'Bombeiros de Beja');
insert into MeioCombate values(182,'Bombeiros de Evora');
insert into MeioCombate values(208,'Camara Municipal de Viseu');
insert into MeioCombate values(64,'Policia de Mafra');
insert into MeioCombate values(283,'Bombeiros de Viseu');
insert into MeioCombate values(90,'Camara Municipal de Massama');
insert into MeioCombate values(134,'Bombeiros de Braganca');
insert into MeioCombate values(40,'Camara Municipal de Areeiro');
insert into MeioCombate values(185,'Policia de Oeiras');
insert into MeioCombate values(154,'Bombeiros de Massama');
insert into MeioCombate values(255,'Camara Municipal de Braga');
insert into MeioCombate values(238,'Bombeiros de Coimbra');
insert into MeioCombate values(196,'Camara Municipal de Faro');
insert into MeioCombate values(198,'Policia de Massama');
insert into MeioCombate values(247,'Policia de Trancoso');
insert into MeioCombate values(115,'Bombeiros de Castro Verde');
insert into MeioCombate values(178,'Camara Municipal de Coimbra');
insert into MeioCombate values(153,'Camara Municipal de Restelo');
insert into MeioCombate values(69,'Policia de Evora');
insert into MeioCombate values(187,'Camara Municipal de Braga');
insert into MeioCombate values(29,'Bombeiros de Torres Novas');
insert into MeioCombate values(37,'Camara Municipal de Braganca');
insert into MeioCombate values(2,'Bombeiros de Viana do Castelo');
insert into MeioCombate values(45,'Camara Municipal de Areeiro');
insert into MeioCombate values(193,'Camara Municipal de Torres Novas');
insert into MeioCombate values(55,'Camara Municipal de Braganca');
insert into MeioCombate values(36,'Camara Municipal de Torres Novas');
insert into MeioCombate values(163,'Camara Municipal de Braganca');
insert into MeioCombate values(268,'Policia de Viana do Castelo');
insert into MeioCombate values(253,'Camara Municipal de Guarda');
insert into MeioCombate values(225,'Camara Municipal de Oliveira do Hospital');
insert into MeioCombate values(222,'Camara Municipal de Vila Nova de Gaia');
insert into MeioCombate values(65,'Camara Municipal de Vila Nova de Gaia');
insert into MeioCombate values(54,'Camara Municipal de Zibreira');
insert into MeioCombate values(35,'Bombeiros de Castro Verde');
insert into MeioCombate values(27,'Bombeiros de Viana do Castelo');
insert into MeioCombate values(172,'Bombeiros de Mafra');
insert into MeioCombate values(210,'Policia de Braga');
insert into MeioCombate values(121,'Camara Municipal de Restelo');
insert into MeioCombate values(155,'Camara Municipal de Mafra');
insert into MeioCombate values(18,'Policia de Viana do Castelo');
insert into MeioCombate values(43,'Camara Municipal de Arroios');
insert into MeioCombate values(189,'Bombeiros de Leiria');
insert into MeioCombate values(85,'Bombeiros de Loures');
insert into MeioCombate values(290,'Policia de Santarem');
insert into MeioCombate values(237,'Camara Municipal de Evora');
insert into MeioCombate values(152,'Policia de Alcanena');
insert into MeioCombate values(156,'Camara Municipal de Areeiro');
insert into MeioCombate values(244,'Bombeiros de Restelo');
insert into MeioCombate values(4,'Policia de Porto');
insert into MeioCombate values(248,'Policia de Torres Novas');
insert into MeioCombate values(71,'Policia de Viana do Castelo');
insert into MeioCombate values(164,'Bombeiros de Alfama');
insert into MeioCombate values(76,'Policia de Restelo');
insert into MeioCombate values(126,'Bombeiros de Oliveira do Hospital');
insert into MeioCombate values(8,'Camara Municipal de Alcantara');
insert into MeioCombate values(258,'Bombeiros de Carcavelos');
insert into MeioCombate values(139,'Policia de Coimbra');
insert into MeioCombate values(51,'Bombeiros de Coimbra');
insert into MeioCombate values(221,'Policia de Viseu');
insert into MeioCombate values(161,'Camara Municipal de Alcantara');
insert into MeioCombate values(269,'Bombeiros de Areeiro');
insert into MeioCombate values(281,'Bombeiros de Loures');
insert into MeioCombate values(277,'Bombeiros de Guarda');
insert into MeioCombate values(271,'Policia de Carcavelos');
insert into MeioCombate values(21,'Policia de Braganca');
insert into MeioCombate values(32,'Policia de Alfama');
insert into MeioCombate values(176,'Policia de Mafra');
insert into MeioCombate values(273,'Bombeiros de Oeiras');
insert into MeioCombate values(234,'Camara Municipal de Restelo');
insert into MeioCombate values(30,'Bombeiros de Trancoso');
insert into MeioCombate values(117,'Camara Municipal de Arroios');
insert into MeioCombate values(274,'Bombeiros de Alcanena');
insert into MeioCombate values(159,'Bombeiros de Santarem');
insert into MeioCombate values(26,'Camara Municipal de Portimao');
insert into MeioCombate values(128,'Camara Municipal de Oliveira do Hospital');


insert into MeioCombate values(301,'Policia de Faro');
insert into MeioCombate values(302,'Policia de Faro');
insert into MeioCombate values(303,'Policia de Faro');
insert into MeioCombate values(304,'Policia de Faro');
insert into MeioCombate values(305,'Policia de Faro');
insert into MeioCombate values(306,'Policia de Faro');
insert into MeioCombate values(307,'Policia de Faro');
insert into MeioCombate values(308,'Policia de Faro');
insert into MeioCombate values(309,'Policia de Faro');
insert into MeioCombate values(310,'Policia de Faro');
insert into MeioCombate values(311,'Policia de Faro');
insert into MeioCombate values(312,'Policia de Faro');
insert into MeioCombate values(313,'Policia de Faro');
insert into MeioCombate values(314,'Policia de Faro');
insert into MeioCombate values(315,'Policia de Faro');
insert into MeioCombate values(316,'Policia de Faro');
insert into MeioCombate values(317,'Policia de Faro');
insert into MeioCombate values(318,'Policia de Faro');
insert into MeioCombate values(319,'Policia de Faro');
insert into MeioCombate values(320,'Policia de Faro');

insert into MeioCombate values(321,'Policia de Faro');
insert into MeioCombate values(322,'Policia de Faro');
insert into MeioCombate values(323,'Policia de Faro');
insert into MeioCombate values(324,'Policia de Faro');
insert into MeioCombate values(325,'Policia de Faro');
insert into MeioCombate values(326,'Policia de Faro');
insert into MeioCombate values(327,'Policia de Faro');
insert into MeioCombate values(328,'Policia de Faro');
insert into MeioCombate values(329,'Policia de Faro');
insert into MeioCombate values(330,'Policia de Faro');
insert into MeioCombate values(331,'Policia de Faro');
insert into MeioCombate values(332,'Policia de Faro');
insert into MeioCombate values(333,'Policia de Faro');
insert into MeioCombate values(334,'Policia de Faro');
insert into MeioCombate values(335,'Policia de Faro');
insert into MeioCombate values(336,'Policia de Faro');
insert into MeioCombate values(337,'Policia de Faro');
insert into MeioCombate values(338,'Policia de Faro');
insert into MeioCombate values(339,'Policia de Faro');
insert into MeioCombate values(340,'Policia de Faro');

insert into MeioCombate values(341,'Policia de Faro');
insert into MeioCombate values(342,'Policia de Faro');
insert into MeioCombate values(343,'Policia de Faro');
insert into MeioCombate values(344,'Policia de Faro');
insert into MeioCombate values(345,'Policia de Faro');
insert into MeioCombate values(346,'Policia de Faro');
insert into MeioCombate values(347,'Policia de Faro');
insert into MeioCombate values(348,'Policia de Faro');
insert into MeioCombate values(349,'Policia de Faro');
insert into MeioCombate values(350,'Policia de Faro');
insert into MeioCombate values(351,'Policia de Faro');
insert into MeioCombate values(352,'Policia de Faro');
insert into MeioCombate values(353,'Policia de Faro');
insert into MeioCombate values(354,'Policia de Faro');
insert into MeioCombate values(355,'Policia de Faro');
insert into MeioCombate values(356,'Policia de Faro');
insert into MeioCombate values(357,'Policia de Faro');
insert into MeioCombate values(358,'Policia de Faro');
insert into MeioCombate values(359,'Policia de Faro');
insert into MeioCombate values(360,'Policia de Faro');

insert into MeioCombate values(361,'Policia de Faro');
insert into MeioCombate values(362,'Policia de Faro');
insert into MeioCombate values(363,'Policia de Faro');
insert into MeioCombate values(364,'Policia de Faro');
insert into MeioCombate values(365,'Policia de Faro');
insert into MeioCombate values(366,'Policia de Faro');
insert into MeioCombate values(367,'Policia de Faro');
insert into MeioCombate values(368,'Policia de Faro');
insert into MeioCombate values(369,'Policia de Faro');
insert into MeioCombate values(370,'Policia de Faro');
insert into MeioCombate values(371,'Policia de Faro');
insert into MeioCombate values(372,'Policia de Faro');
insert into MeioCombate values(373,'Policia de Faro');
insert into MeioCombate values(374,'Policia de Faro');
insert into MeioCombate values(375,'Policia de Faro');
insert into MeioCombate values(376,'Policia de Faro');
insert into MeioCombate values(377,'Policia de Faro');
insert into MeioCombate values(378,'Policia de Faro');
insert into MeioCombate values(379,'Policia de Faro');
insert into MeioCombate values(380,'Policia de Faro');

insert into MeioCombate values(381,'Policia de Faro');
insert into MeioCombate values(382,'Policia de Faro');
insert into MeioCombate values(383,'Policia de Faro');
insert into MeioCombate values(384,'Policia de Faro');
insert into MeioCombate values(385,'Policia de Faro');
insert into MeioCombate values(386,'Policia de Faro');
insert into MeioCombate values(387,'Policia de Faro');
insert into MeioCombate values(388,'Policia de Faro');
insert into MeioCombate values(389,'Policia de Faro');
insert into MeioCombate values(390,'Policia de Faro');
insert into MeioCombate values(391,'Policia de Faro');
insert into MeioCombate values(392,'Policia de Faro');
insert into MeioCombate values(393,'Policia de Faro');
insert into MeioCombate values(394,'Policia de Faro');
insert into MeioCombate values(395,'Policia de Faro');
insert into MeioCombate values(396,'Policia de Faro');
insert into MeioCombate values(397,'Policia de Faro');
insert into MeioCombate values(398,'Policia de Faro');
insert into MeioCombate values(399,'Policia de Faro');
insert into MeioCombate values(400,'Policia de Faro');


insert into MeioApoio values(94,'Policia de Carcavelos');
insert into MeioApoio values(215,'Policia de Leiria');
insert into MeioApoio values(158,'Camara Municipal de Braganca');
insert into MeioApoio values(261,'Bombeiros de Coimbra');
insert into MeioApoio values(240,'Policia de Carcavelos');
insert into MeioApoio values(99,'Camara Municipal de Alcanena');
insert into MeioApoio values(67,'Camara Municipal de Alges');
insert into MeioApoio values(103,'Bombeiros de Alfama');
insert into MeioApoio values(200,'Policia de Alges');
insert into MeioApoio values(170,'Policia de Geres');
insert into MeioApoio values(197,'Bombeiros de Trancoso');
insert into MeioApoio values(275,'Policia de Braga');
insert into MeioApoio values(223,'Policia de Oeiras');
insert into MeioApoio values(226,'Camara Municipal de Braga');
insert into MeioApoio values(199,'Policia de Alfama');
insert into MeioApoio values(39,'Policia de Oeiras');
insert into MeioApoio values(78,'Policia de Viana do Castelo');
insert into MeioApoio values(72,'Policia de Faro');
insert into MeioApoio values(22,'Camara Municipal de Santarem');
insert into MeioApoio values(169,'Policia de Coimbra');
insert into MeioApoio values(95,'Bombeiros de Fatima');
insert into MeioApoio values(129,'Bombeiros de Faro');
insert into MeioApoio values(252,'Bombeiros de Alges');
insert into MeioApoio values(104,'Camara Municipal de Torres Novas');
insert into MeioApoio values(34,'Camara Municipal de Portimao');
insert into MeioApoio values(57,'Policia de Massama');
insert into MeioApoio values(123,'Bombeiros de Oliveira do Hospital');
insert into MeioApoio values(168,'Camara Municipal de Oeiras');
insert into MeioApoio values(75,'Bombeiros de Torres Novas');

insert into MeioApoio values(297,'Camara Municipal de Carcavelos');
insert into MeioApoio values(285,'Policia de Guarda');
insert into MeioApoio values(165,'Bombeiros de Guarda');
insert into MeioApoio values(230,'Camara Municipal de Faro');
insert into MeioApoio values(242,'Policia de Torres Novas');
insert into MeioApoio values(61,'Policia de Alfama');
insert into MeioApoio values(38,'Policia de Porto');
insert into MeioApoio values(298,'Policia de Evora');
insert into MeioApoio values(278,'Bombeiros de Areeiro');
insert into MeioApoio values(135,'Bombeiros de Braga');
insert into MeioApoio values(245,'Bombeiros de Torres Novas');
insert into MeioApoio values(180,'Camara Municipal de Oliveira do Hospital');
insert into MeioApoio values(68,'Bombeiros de Loures');
insert into MeioApoio values(138,'Camara Municipal de Trancoso');
insert into MeioApoio values(41,'Camara Municipal de Fatima');
insert into MeioApoio values(294,'Bombeiros de Oeiras');
insert into MeioApoio values(272,'Camara Municipal de Castro Verde');
insert into MeioApoio values(96,'Policia de Alges');
insert into MeioApoio values(211,'Policia de Alges');

insert into MeioApoio values(175,'Camara Municipal de Faro');
insert into MeioApoio values(111,'Camara Municipal de Vila Nova de Gaia');
insert into MeioApoio values(251,'Policia de Alcanena');
insert into MeioApoio values(239,'Policia de Areeiro');
insert into MeioApoio values(162,'Bombeiros de Carcavelos');
insert into MeioApoio values(77,'Policia de Vila Nova de Gaia');
insert into MeioApoio values(293,'Bombeiros de Odivelas');
insert into MeioApoio values(217,'Camara Municipal de Beja');
insert into MeioApoio values(147,'Camara Municipal de Massama');
insert into MeioApoio values(289,'Policia de Braganca');
insert into MeioApoio values(63,'Camara Municipal de Faro');
insert into MeioApoio values(299,'Policia de Faro');
insert into MeioApoio values(9,'Policia de Oeiras');
insert into MeioApoio values(249,'Camara Municipal de Torres Novas');
insert into MeioApoio values(97,'Bombeiros de Coimbra');
insert into MeioApoio values(100,'Policia de Coimbra');
insert into MeioApoio values(143,'Bombeiros de Mafra');
insert into MeioApoio values(107,'Bombeiros de Evora');
insert into MeioApoio values(295,'Policia de Loures');
insert into MeioApoio values(46,'Policia de Portimao');
insert into MeioApoio values(124,'Policia de Alcanena');
insert into MeioApoio values(82,'Policia de Zibreira');
insert into MeioApoio values(130,'Policia de Oeiras');
insert into MeioApoio values(19,'Policia de Leiria');
insert into MeioApoio values(191,'Camara Municipal de Alcantara');
insert into MeioApoio values(10,'Bombeiros de Leiria');
insert into MeioApoio values(141,'Bombeiros de Restelo');
insert into MeioApoio values(56,'Policia de Viseu');
insert into MeioApoio values(282,'Policia de Braganca');
insert into MeioApoio values(214,'Policia de Santarem');
insert into MeioApoio values(265,'Bombeiros de Porto');
insert into MeioApoio values(280,'Camara Municipal de Portimao');
insert into MeioApoio values(181,'Camara Municipal de Odivelas');
insert into MeioApoio values(25,'Policia de Santarem');
insert into MeioApoio values(70,'Policia de Santarem');
insert into MeioApoio values(179,'Policia de Vila Nova de Gaia');
insert into MeioApoio values(47,'Policia de Torres Novas');
insert into MeioApoio values(236,'Policia de Massama');
insert into MeioApoio values(254,'Bombeiros de Beja');
insert into MeioApoio values(28,'Camara Municipal de Alcantara');
insert into MeioApoio values(188,'Bombeiros de Odivelas');
insert into MeioApoio values(157,'Camara Municipal de Porto');
insert into MeioApoio values(92,'Policia de Fatima');
insert into MeioApoio values(149,'Bombeiros de Beja');
insert into MeioApoio values(216,'Policia de Odivelas');
insert into MeioApoio values(296,'Bombeiros de Viseu');
insert into MeioApoio values(6,'Bombeiros de Viana do Castelo');
insert into MeioApoio values(148,'Bombeiros de Oeiras');
insert into MeioApoio values(52,'Camara Municipal de Areeiro');
insert into MeioApoio values(113,'Bombeiros de Vila Nova de Gaia');

insert into MeioSocorro values(136,'Camara Municipal de Alfama');
insert into MeioSocorro values(110,'Bombeiros de Mafra');
insert into MeioSocorro values(262,'Policia de Leiria');
insert into MeioSocorro values(81,'Policia de Fatima');
insert into MeioSocorro values(145,'Camara Municipal de Porto');
insert into MeioSocorro values(132,'Policia de Massama');
insert into MeioSocorro values(17,'Camara Municipal de Guarda');
insert into MeioSocorro values(213,'Camara Municipal de Massama');
insert into MeioSocorro values(14,'Policia de Mafra');
insert into MeioSocorro values(142,'Policia de Faro');
insert into MeioSocorro values(86,'Policia de Zibreira');
insert into MeioSocorro values(1,'Camara Municipal de Faro');
insert into MeioSocorro values(190,'Bombeiros de Alcanena');
insert into MeioSocorro values(15,'Policia de Areeiro');
insert into MeioSocorro values(48,'Bombeiros de Porto');
insert into MeioSocorro values(105,'Bombeiros de Restelo');
insert into MeioSocorro values(151,'Camara Municipal de Portimao');
insert into MeioSocorro values(184,'Camara Municipal de Coimbra');
insert into MeioSocorro values(203,'Camara Municipal de Vila Nova de Gaia');
insert into MeioSocorro values(44,'Bombeiros de Viana do Castelo');
insert into MeioSocorro values(219,'Policia de Leiria');
insert into MeioSocorro values(229,'Camara Municipal de Oeiras');
insert into MeioSocorro values(125,'Camara Municipal de Torres Novas');
insert into MeioSocorro values(59,'Camara Municipal de Santarem');
insert into MeioSocorro values(192,'Camara Municipal de Guarda');
insert into MeioSocorro values(31,'Bombeiros de Evora');
insert into MeioSocorro values(160,'Policia de Fatima');
insert into MeioSocorro values(33,'Camara Municipal de Portimao');
insert into MeioSocorro values(173,'Bombeiros de Porto');
insert into MeioSocorro values(276,'Bombeiros de Mafra');
insert into MeioSocorro values(112,'Camara Municipal de Evora');
insert into MeioSocorro values(144,'Policia de Santarem');
insert into MeioSocorro values(23,'Camara Municipal de Trancoso');
insert into MeioSocorro values(227,'Policia de Faro');
insert into MeioSocorro values(89,'Policia de Alcantara');
insert into MeioSocorro values(74,'Policia de Beja');
insert into MeioSocorro values(3,'Policia de Coimbra');
insert into MeioSocorro values(206,'Bombeiros de Carcavelos');
insert into MeioSocorro values(116,'Camara Municipal de Torres Novas');
insert into MeioSocorro values(133,'Policia de Oeiras');
insert into MeioSocorro values(267,'Camara Municipal de Evora');
insert into MeioSocorro values(266,'Policia de Trancoso');
insert into MeioSocorro values(53,'Bombeiros de Faro');
insert into MeioSocorro values(137,'Bombeiros de Faro');
insert into MeioSocorro values(93,'Policia de Coimbra');
insert into MeioSocorro values(11,'Bombeiros de Vila Nova de Gaia');
insert into MeioSocorro values(60,'Bombeiros de Portimao');
insert into MeioSocorro values(84,'Camara Municipal de Zibreira');
insert into MeioSocorro values(16,'Policia de Oeiras');
insert into MeioSocorro values(7,'Bombeiros de Portimao');
insert into MeioSocorro values(174,'Policia de Odivelas');
insert into MeioSocorro values(207,'Policia de Castro Verde');
insert into MeioSocorro values(12,'Camara Municipal de Oliveira do Hospital');
insert into MeioSocorro values(58,'Bombeiros de Castro Verde');
insert into MeioSocorro values(209,'Camara Municipal de Faro');
insert into MeioSocorro values(212,'Camara Municipal de Portimao');
insert into MeioSocorro values(205,'Bombeiros de Braganca');
insert into MeioSocorro values(279,'Camara Municipal de Braga');
insert into MeioSocorro values(87,'Policia de Zibreira');
insert into MeioSocorro values(231,'Policia de Evora');
insert into MeioSocorro values(270,'Bombeiros de Alcanena');
insert into MeioSocorro values(114,'Camara Municipal de Santarem');
insert into MeioSocorro values(257,'Bombeiros de Porto');
insert into MeioSocorro values(284,'Policia de Arroios');
insert into MeioSocorro values(177,'Camara Municipal de Restelo');
insert into MeioSocorro values(5,'Bombeiros de Beja');
insert into MeioSocorro values(127,'Policia de Alcanena');
insert into MeioSocorro values(167,'Bombeiros de Santarem');
insert into MeioSocorro values(183,'Camara Municipal de Alges');
insert into MeioSocorro values(50,'Policia de Areeiro');
insert into MeioSocorro values(118,'Policia de Vila Nova de Gaia');
insert into MeioSocorro values(83,'Policia de Oliveira do Hospital');
insert into MeioSocorro values(119,'Policia de Carcavelos');
insert into MeioSocorro values(250,'Camara Municipal de Loures');
insert into MeioSocorro values(259,'Camara Municipal de Viseu');
insert into MeioSocorro values(218,'Bombeiros de Alcantara');
insert into MeioSocorro values(256,'Policia de Fatima');
insert into MeioSocorro values(108,'Camara Municipal de Evora');
insert into MeioSocorro values(122,'Bombeiros de Zibreira');
insert into MeioSocorro values(66,'Camara Municipal de Viseu');
insert into MeioSocorro values(24,'Policia de Santarem');
insert into MeioSocorro values(171,'Camara Municipal de Trancoso');
insert into MeioSocorro values(194,'Policia de Oliveira do Hospital');
insert into MeioSocorro values(235,'Bombeiros de Fatima');
insert into MeioSocorro values(140,'Camara Municipal de Santarem');
insert into MeioSocorro values(243,'Policia de Odivelas');
insert into MeioSocorro values(80,'Bombeiros de Oeiras');
insert into MeioSocorro values(91,'Bombeiros de Viseu');
insert into MeioSocorro values(150,'Policia de Coimbra');
insert into MeioSocorro values(20,'Camara Municipal de Restelo');
insert into MeioSocorro values(202,'Policia de Guarda');
insert into MeioSocorro values(263,'Camara Municipal de Trancoso');
insert into MeioSocorro values(186,'Camara Municipal de Geres');
insert into MeioSocorro values(291,'Camara Municipal de Coimbra');
insert into MeioSocorro values(49,'Bombeiros de Viseu');
insert into MeioSocorro values(98,'Policia de Braganca');
insert into MeioSocorro values(292,'Policia de Fatima');
insert into MeioSocorro values(166,'Bombeiros de Evora');
insert into MeioSocorro values(287,'Camara Municipal de Faro');
insert into MeioSocorro values(300,'Camara Municipal de Beja');
insert into MeioSocorro values(204,'Camara Municipal de Odivelas');
insert into MeioSocorro values(286,'Policia de Faro');

insert into Transporta values(262,'Policia de Leiria',3,97);
insert into Transporta values(81,'Policia de Fatima',7,61);
insert into Transporta values(145,'Camara Municipal de Porto',3,49);
insert into Transporta values(132,'Policia de Massama',6,57);
insert into Transporta values(17,'Camara Municipal de Guarda',7,27);
insert into Transporta values(213,'Camara Municipal de Massama',8,97);
insert into Transporta values(14,'Policia de Mafra',8,69);
insert into Transporta values(142,'Policia de Faro',7,36);
insert into Transporta values(86,'Policia de Zibreira',6,98);
insert into Transporta values(1,'Camara Municipal de Faro',8,69);
insert into Transporta values(190,'Bombeiros de Alcanena',4,89);
insert into Transporta values(15,'Policia de Areeiro',5,58);
insert into Transporta values(48,'Bombeiros de Porto',4,4);
insert into Transporta values(105,'Bombeiros de Restelo',5,25);
insert into Transporta values(151,'Camara Municipal de Portimao',7,57);
insert into Transporta values(184,'Camara Municipal de Coimbra',4,89);
insert into Transporta values(203,'Camara Municipal de Vila Nova de Gaia',1,35);
insert into Transporta values(44,'Bombeiros de Viana do Castelo',6,94);
insert into Transporta values(219,'Policia de Leiria',4,61);
insert into Transporta values(229,'Camara Municipal de Oeiras',3,66);
insert into Transporta values(125,'Camara Municipal de Torres Novas',3,88);
insert into Transporta values(59,'Camara Municipal de Santarem',4,49);
insert into Transporta values(192,'Camara Municipal de Guarda',5,9);
insert into Transporta values(31,'Bombeiros de Evora',4,54);
insert into Transporta values(160,'Policia de Fatima',5,67);
insert into Transporta values(33,'Camara Municipal de Portimao',7,49);
insert into Transporta values(173,'Bombeiros de Porto',4,39);
insert into Transporta values(276,'Bombeiros de Mafra',7,91);
insert into Transporta values(112,'Camara Municipal de Evora',5,60);
insert into Transporta values(144,'Policia de Santarem',1,41);
insert into Transporta values(23,'Camara Municipal de Trancoso',7,21);
insert into Transporta values(227,'Policia de Faro',7,25);
insert into Transporta values(89,'Policia de Alcantara',4,46);
insert into Transporta values(74,'Policia de Beja',1,51);
insert into Transporta values(3,'Policia de Coimbra',6,71);
insert into Transporta values(206,'Bombeiros de Carcavelos',2,88);
insert into Transporta values(116,'Camara Municipal de Torres Novas',3,65);
insert into Transporta values(133,'Policia de Oeiras',4,18);
insert into Transporta values(267,'Camara Municipal de Evora',7,15);
insert into Transporta values(266,'Policia de Trancoso',1,58);
insert into Transporta values(53,'Bombeiros de Faro',3,79);
insert into Transporta values(137,'Bombeiros de Faro',2,99);
insert into Transporta values(93,'Policia de Coimbra',4,19);
insert into Transporta values(11,'Bombeiros de Vila Nova de Gaia',2,23);
insert into Transporta values(60,'Bombeiros de Portimao',1,11);
insert into Transporta values(84,'Camara Municipal de Zibreira',5,94);
insert into Transporta values(16,'Policia de Oeiras',5,30);
insert into Transporta values(7,'Bombeiros de Portimao',7,43);
insert into Transporta values(174,'Policia de Odivelas',6,80);
insert into Transporta values(207,'Policia de Castro Verde',2,53);
insert into Transporta values(12,'Camara Municipal de Oliveira do Hospital',1,66);
insert into Transporta values(58,'Bombeiros de Castro Verde',1,29);
insert into Transporta values(209,'Camara Municipal de Faro',7,87);
insert into Transporta values(212,'Camara Municipal de Portimao',7,50);
insert into Transporta values(205,'Bombeiros de Braganca',8,88);
insert into Transporta values(279,'Camara Municipal de Braga',7,43);
insert into Transporta values(87,'Policia de Zibreira',2,72);
insert into Transporta values(231,'Policia de Evora',8,80);
insert into Transporta values(270,'Bombeiros de Alcanena',4,88);
insert into Transporta values(114,'Camara Municipal de Santarem',8,67);
insert into Transporta values(257,'Bombeiros de Porto',1,27);
insert into Transporta values(284,'Policia de Arroios',6,7);
insert into Transporta values(177,'Camara Municipal de Restelo',4,51);
insert into Transporta values(5,'Bombeiros de Beja',6,72);
insert into Transporta values(127,'Policia de Alcanena',7,96);
insert into Transporta values(167,'Bombeiros de Santarem',4,93);
insert into Transporta values(183,'Camara Municipal de Alges',4,86);
insert into Transporta values(50,'Policia de Areeiro',3,26);
insert into Transporta values(118,'Policia de Vila Nova de Gaia',5,99);
insert into Transporta values(83,'Policia de Oliveira do Hospital',4,91);
insert into Transporta values(119,'Policia de Carcavelos',1,60);
insert into Transporta values(250,'Camara Municipal de Loures',4,24);
insert into Transporta values(259,'Camara Municipal de Viseu',6,68);
insert into Transporta values(218,'Bombeiros de Alcantara',8,81);
insert into Transporta values(256,'Policia de Fatima',5,2);
insert into Transporta values(108,'Camara Municipal de Evora',5,38);
insert into Transporta values(122,'Bombeiros de Zibreira',2,14);
insert into Transporta values(66,'Camara Municipal de Viseu',3,42);
insert into Transporta values(24,'Policia de Santarem',1,64);
insert into Transporta values(171,'Camara Municipal de Trancoso',2,98);
insert into Transporta values(194,'Policia de Oliveira do Hospital',8,30);
insert into Transporta values(235,'Bombeiros de Fatima',2,89);
insert into Transporta values(140,'Camara Municipal de Santarem',7,63);
insert into Transporta values(243,'Policia de Odivelas',4,26);
insert into Transporta values(80,'Bombeiros de Oeiras',4,66);
insert into Transporta values(91,'Bombeiros de Viseu',1,54);
insert into Transporta values(150,'Policia de Coimbra',7,19);
insert into Transporta values(20,'Camara Municipal de Restelo',6,4);
insert into Transporta values(202,'Policia de Guarda',8,74);
insert into Transporta values(263,'Camara Municipal de Trancoso',1,100);
insert into Transporta values(186,'Camara Municipal de Geres',6,19);
insert into Transporta values(291,'Camara Municipal de Coimbra',3,27);
insert into Transporta values(49,'Bombeiros de Viseu',1,36);
insert into Transporta values(98,'Policia de Braganca',8,6);
insert into Transporta values(292,'Policia de Fatima',6,28);
insert into Transporta values(166,'Bombeiros de Evora',1,12);
insert into Transporta values(287,'Camara Municipal de Faro',7,16);
insert into Transporta values(300,'Camara Municipal de Beja',7,19);
insert into Transporta values(204,'Camara Municipal de Odivelas',6,97);
insert into Transporta values(286,'Policia de Faro',7,30);

insert into Alocado values(94,'Policia de Carcavelos',34,65);
insert into Alocado values(215,'Policia de Leiria',30,19);
insert into Alocado values(158,'Camara Municipal de Braganca',69,93);
insert into Alocado values(261,'Bombeiros de Coimbra',46,5);
insert into Alocado values(240,'Policia de Carcavelos',26,97);
insert into Alocado values(99,'Camara Municipal de Alcanena',44,99);
insert into Alocado values(67,'Camara Municipal de Alges',14,68);
insert into Alocado values(103,'Bombeiros de Alfama',72,64);
insert into Alocado values(200,'Policia de Alges',72,70);
insert into Alocado values(170,'Policia de Geres',29,68);
insert into Alocado values(197,'Bombeiros de Trancoso',72,52);
insert into Alocado values(275,'Policia de Braga',23,19);
insert into Alocado values(223,'Policia de Oeiras',34,62);
insert into Alocado values(226,'Camara Municipal de Braga',43,91);
insert into Alocado values(199,'Policia de Alfama',47,78);
insert into Alocado values(39,'Policia de Oeiras',8,15);
insert into Alocado values(78,'Policia de Viana do Castelo',45,56);
insert into Alocado values(72,'Policia de Faro',1,60);
insert into Alocado values(22,'Camara Municipal de Santarem',17,34);
insert into Alocado values(169,'Policia de Coimbra',51,27);
insert into Alocado values(95,'Bombeiros de Fatima',27,31);
insert into Alocado values(129,'Bombeiros de Faro',38,78);
insert into Alocado values(252,'Bombeiros de Alges',16,7);
insert into Alocado values(104,'Camara Municipal de Torres Novas',40,83);
insert into Alocado values(34,'Camara Municipal de Portimao',72,84);
insert into Alocado values(57,'Policia de Massama',44,16);
insert into Alocado values(123,'Bombeiros de Oliveira do Hospital',34,84);
insert into Alocado values(168,'Camara Municipal de Oeiras',37,59);
insert into Alocado values(75,'Bombeiros de Torres Novas',63,73);
insert into Alocado values(110,'Bombeiros de Mafra',38,39);
insert into Alocado values(297,'Camara Municipal de Carcavelos',47,75);
insert into Alocado values(285,'Policia de Guarda',14,25);
insert into Alocado values(165,'Bombeiros de Guarda',4,78);
insert into Alocado values(230,'Camara Municipal de Faro',53,42);
insert into Alocado values(242,'Policia de Torres Novas',50,67);
insert into Alocado values(61,'Policia de Alfama',34,58);
insert into Alocado values(38,'Policia de Porto',36,92);
insert into Alocado values(298,'Policia de Evora',57,56);
insert into Alocado values(278,'Bombeiros de Areeiro',37,36);
insert into Alocado values(135,'Bombeiros de Braga',7,53);
insert into Alocado values(245,'Bombeiros de Torres Novas',14,61);
insert into Alocado values(180,'Camara Municipal de Oliveira do Hospital',8,12);
insert into Alocado values(68,'Bombeiros de Loures',19,29);
insert into Alocado values(138,'Camara Municipal de Trancoso',17,92);
insert into Alocado values(41,'Camara Municipal de Fatima',67,23);
insert into Alocado values(294,'Bombeiros de Oeiras',63,71);
insert into Alocado values(272,'Camara Municipal de Castro Verde',56,41);
insert into Alocado values(96,'Policia de Alges',2,84);
insert into Alocado values(211,'Policia de Alges',61,37);
insert into Alocado values(136,'Camara Municipal de Alfama',61,90);
insert into Alocado values(175,'Camara Municipal de Faro',39,21);
insert into Alocado values(111,'Camara Municipal de Vila Nova de Gaia',25,52);
insert into Alocado values(251,'Policia de Alcanena',16,19);
insert into Alocado values(239,'Policia de Areeiro',36,9);
insert into Alocado values(162,'Bombeiros de Carcavelos',69,87);
insert into Alocado values(77,'Policia de Vila Nova de Gaia',64,62);
insert into Alocado values(293,'Bombeiros de Odivelas',33,73);
insert into Alocado values(217,'Camara Municipal de Beja',49,40);
insert into Alocado values(147,'Camara Municipal de Massama',63,4);
insert into Alocado values(289,'Policia de Braganca',48,40);
insert into Alocado values(63,'Camara Municipal de Faro',20,21);
insert into Alocado values(299,'Policia de Faro',8,9);
insert into Alocado values(9,'Policia de Oeiras',21,92);
insert into Alocado values(249,'Camara Municipal de Torres Novas',31,89);
insert into Alocado values(97,'Bombeiros de Coimbra',31,97);
insert into Alocado values(100,'Policia de Coimbra',53,31);
insert into Alocado values(143,'Bombeiros de Mafra',40,57);
insert into Alocado values(107,'Bombeiros de Evora',41,73);
insert into Alocado values(295,'Policia de Loures',24,57);
insert into Alocado values(46,'Policia de Portimao',5,50);
insert into Alocado values(124,'Policia de Alcanena',13,75);
insert into Alocado values(82,'Policia de Zibreira',6,58);
insert into Alocado values(130,'Policia de Oeiras',41,28);
insert into Alocado values(19,'Policia de Leiria',71,72);
insert into Alocado values(191,'Camara Municipal de Alcantara',56,8);
insert into Alocado values(10,'Bombeiros de Leiria',52,44);
insert into Alocado values(141,'Bombeiros de Restelo',17,20);
insert into Alocado values(56,'Policia de Viseu',66,10);
insert into Alocado values(282,'Policia de Braganca',14,49);
insert into Alocado values(214,'Policia de Santarem',16,11);
insert into Alocado values(265,'Bombeiros de Porto',70,67);
insert into Alocado values(280,'Camara Municipal de Portimao',67,73);
insert into Alocado values(181,'Camara Municipal de Odivelas',44,1);
insert into Alocado values(25,'Policia de Santarem',72,1);
insert into Alocado values(70,'Policia de Santarem',69,36);
insert into Alocado values(179,'Policia de Vila Nova de Gaia',69,35);
insert into Alocado values(47,'Policia de Torres Novas',44,44);
insert into Alocado values(236,'Policia de Massama',50,29);
insert into Alocado values(254,'Bombeiros de Beja',63,46);
insert into Alocado values(28,'Camara Municipal de Alcantara',25,89);
insert into Alocado values(188,'Bombeiros de Odivelas',62,60);
insert into Alocado values(157,'Camara Municipal de Porto',33,84);
insert into Alocado values(92,'Policia de Fatima',2,51);
insert into Alocado values(149,'Bombeiros de Beja',12,91);
insert into Alocado values(216,'Policia de Odivelas',62,83);
insert into Alocado values(296,'Bombeiros de Viseu',3,34);
insert into Alocado values(6,'Bombeiros de Viana do Castelo',5,24);
insert into Alocado values(148,'Bombeiros de Oeiras',52,27);
insert into Alocado values(52,'Camara Municipal de Areeiro',72,53);
insert into Alocado values(113,'Bombeiros de Vila Nova de Gaia',45,38);

insert into Acciona values(94,'Policia de Carcavelos',65);
insert into Acciona values(215,'Policia de Leiria',19);
insert into Acciona values(158,'Camara Municipal de Braganca',93);
insert into Acciona values(261,'Bombeiros de Coimbra',5);
insert into Acciona values(240,'Policia de Carcavelos',97);
insert into Acciona values(99,'Camara Municipal de Alcanena',99);
insert into Acciona values(67,'Camara Municipal de Alges',68);
insert into Acciona values(103,'Bombeiros de Alfama',64);
insert into Acciona values(200,'Policia de Alges',70);
insert into Acciona values(170,'Policia de Geres',68);
insert into Acciona values(197,'Bombeiros de Trancoso',52);
insert into Acciona values(275,'Policia de Braga',19);
insert into Acciona values(223,'Policia de Oeiras',62);
insert into Acciona values(226,'Camara Municipal de Braga',91);
insert into Acciona values(199,'Policia de Alfama',78);
insert into Acciona values(39,'Policia de Oeiras',15);
insert into Acciona values(78,'Policia de Viana do Castelo',56);
insert into Acciona values(72,'Policia de Faro',60);
insert into Acciona values(22,'Camara Municipal de Santarem',34);
insert into Acciona values(169,'Policia de Coimbra',27);
insert into Acciona values(95,'Bombeiros de Fatima',31);
insert into Acciona values(129,'Bombeiros de Faro',78);
insert into Acciona values(252,'Bombeiros de Alges',7);
insert into Acciona values(104,'Camara Municipal de Torres Novas',83);
insert into Acciona values(34,'Camara Municipal de Portimao',84);
insert into Acciona values(57,'Policia de Massama',16);
insert into Acciona values(123,'Bombeiros de Oliveira do Hospital',84);
insert into Acciona values(168,'Camara Municipal de Oeiras',59);
insert into Acciona values(75,'Bombeiros de Torres Novas',73);
insert into Acciona values(110,'Bombeiros de Mafra',39);
insert into Acciona values(297,'Camara Municipal de Carcavelos',75);
insert into Acciona values(285,'Policia de Guarda',25);
insert into Acciona values(165,'Bombeiros de Guarda',78);
insert into Acciona values(230,'Camara Municipal de Faro',42);
insert into Acciona values(242,'Policia de Torres Novas',67);
insert into Acciona values(61,'Policia de Alfama',58);
insert into Acciona values(38,'Policia de Porto',92);
insert into Acciona values(298,'Policia de Evora',56);
insert into Acciona values(278,'Bombeiros de Areeiro',36);
insert into Acciona values(135,'Bombeiros de Braga',53);
insert into Acciona values(245,'Bombeiros de Torres Novas',61);
insert into Acciona values(180,'Camara Municipal de Oliveira do Hospital',12);
insert into Acciona values(68,'Bombeiros de Loures',29);
insert into Acciona values(138,'Camara Municipal de Trancoso',92);
insert into Acciona values(41,'Camara Municipal de Fatima',23);
insert into Acciona values(294,'Bombeiros de Oeiras',71);
insert into Acciona values(272,'Camara Municipal de Castro Verde',41);
insert into Acciona values(96,'Policia de Alges',84);
insert into Acciona values(211,'Policia de Alges',37);
insert into Acciona values(136,'Camara Municipal de Alfama',90);
insert into Acciona values(175,'Camara Municipal de Faro',21);
insert into Acciona values(111,'Camara Municipal de Vila Nova de Gaia',52);
insert into Acciona values(251,'Policia de Alcanena',19);
insert into Acciona values(239,'Policia de Areeiro',9);
insert into Acciona values(162,'Bombeiros de Carcavelos',87);
insert into Acciona values(77,'Policia de Vila Nova de Gaia',62);
insert into Acciona values(293,'Bombeiros de Odivelas',73);
insert into Acciona values(217,'Camara Municipal de Beja',40);
insert into Acciona values(147,'Camara Municipal de Massama',4);
insert into Acciona values(289,'Policia de Braganca',40);
insert into Acciona values(63,'Camara Municipal de Faro',21);
insert into Acciona values(299,'Policia de Faro',9);
insert into Acciona values(9,'Policia de Oeiras',92);
insert into Acciona values(249,'Camara Municipal de Torres Novas',89);
insert into Acciona values(97,'Bombeiros de Coimbra',97);
insert into Acciona values(100,'Policia de Coimbra',31);
insert into Acciona values(143,'Bombeiros de Mafra',57);
insert into Acciona values(107,'Bombeiros de Evora',73);
insert into Acciona values(295,'Policia de Loures',57);
insert into Acciona values(46,'Policia de Portimao',50);
insert into Acciona values(124,'Policia de Alcanena',75);
insert into Acciona values(82,'Policia de Zibreira',58);
insert into Acciona values(130,'Policia de Oeiras',28);
insert into Acciona values(19,'Policia de Leiria',72);
insert into Acciona values(191,'Camara Municipal de Alcantara',8);
insert into Acciona values(10,'Bombeiros de Leiria',44);
insert into Acciona values(141,'Bombeiros de Restelo',20);
insert into Acciona values(56,'Policia de Viseu',10);
insert into Acciona values(282,'Policia de Braganca',49);
insert into Acciona values(214,'Policia de Santarem',11);
insert into Acciona values(265,'Bombeiros de Porto',67);
insert into Acciona values(280,'Camara Municipal de Portimao',73);
insert into Acciona values(181,'Camara Municipal de Odivelas',1);
insert into Acciona values(25,'Policia de Santarem',1);
insert into Acciona values(70,'Policia de Santarem',36);
insert into Acciona values(179,'Policia de Vila Nova de Gaia',35);
insert into Acciona values(47,'Policia de Torres Novas',44);
insert into Acciona values(236,'Policia de Massama',29);
insert into Acciona values(254,'Bombeiros de Beja',46);
insert into Acciona values(28,'Camara Municipal de Alcantara',89);
insert into Acciona values(188,'Bombeiros de Odivelas',60);
insert into Acciona values(157,'Camara Municipal de Porto',84);
insert into Acciona values(92,'Policia de Fatima',51);
insert into Acciona values(149,'Bombeiros de Beja',91);
insert into Acciona values(216,'Policia de Odivelas',83);
insert into Acciona values(296,'Bombeiros de Viseu',34);
insert into Acciona values(6,'Bombeiros de Viana do Castelo',24);
insert into Acciona values(148,'Bombeiros de Oeiras',27);
insert into Acciona values(52,'Camara Municipal de Areeiro',53);
insert into Acciona values(113,'Bombeiros de Vila Nova de Gaia',38);


insert into Acciona values(400,'Policia de Faro',65);
insert into Acciona values(301,'Policia de Faro',19);
insert into Acciona values(302,'Policia de Faro',93);
insert into Acciona values(303,'Policia de Faro',5);
insert into Acciona values(304,'Policia de Faro',97);
insert into Acciona values(305,'Policia de Faro',99);
insert into Acciona values(306,'Policia de Faro',68);
insert into Acciona values(307,'Policia de Faro',64);
insert into Acciona values(308,'Policia de Faro',70);
insert into Acciona values(309,'Policia de Faro',68);
insert into Acciona values(310,'Policia de Faro',52);
insert into Acciona values(311,'Policia de Faro',19);
insert into Acciona values(312,'Policia de Faro',62);
insert into Acciona values(313,'Policia de Faro',91);
insert into Acciona values(314,'Policia de Faro',78);
insert into Acciona values(315,'Policia de Faro',15);
insert into Acciona values(316,'Policia de Faro',56);
insert into Acciona values(317,'Policia de Faro',60);
insert into Acciona values(318,'Policia de Faro',34);
insert into Acciona values(319,'Policia de Faro',27);
insert into Acciona values(320,'Policia de Faro',31);
insert into Acciona values(321,'Policia de Faro',78);
insert into Acciona values(322,'Policia de Faro',7);
insert into Acciona values(323,'Policia de Faro',83);
insert into Acciona values(324,'Policia de Faro',84);
insert into Acciona values(325,'Policia de Faro',16);
insert into Acciona values(326,'Policia de Faro',84);
insert into Acciona values(327,'Policia de Faro',59);
insert into Acciona values(328,'Policia de Faro',73);
insert into Acciona values(329,'Policia de Faro',39);
insert into Acciona values(330,'Policia de Faro',75);
insert into Acciona values(331,'Policia de Faro',25);
insert into Acciona values(332,'Policia de Faro',78);
insert into Acciona values(333,'Policia de Faro',42);
insert into Acciona values(334,'Policia de Faro',67);
insert into Acciona values(335,'Policia de Faro',58);
insert into Acciona values(336,'Policia de Faro',92);
insert into Acciona values(337,'Policia de Faro',56);
insert into Acciona values(338,'Policia de Faro',36);
insert into Acciona values(339,'Policia de Faro',53);
insert into Acciona values(340,'Policia de Faro',61);
insert into Acciona values(341,'Policia de Faro',12);
insert into Acciona values(342,'Policia de Faro',29);
insert into Acciona values(343,'Policia de Faro',92);
insert into Acciona values(344,'Policia de Faro',23);
insert into Acciona values(345,'Policia de Faro',71);
insert into Acciona values(346,'Policia de Faro',41);
insert into Acciona values(347,'Policia de Faro',84);
insert into Acciona values(348,'Policia de Faro',37);
insert into Acciona values(349,'Policia de Faro',90);
insert into Acciona values(350,'Policia de Faro',21);
insert into Acciona values(351,'Policia de Faro',52);
insert into Acciona values(352,'Policia de Faro',19);
insert into Acciona values(353,'Policia de Faro',9);
insert into Acciona values(354,'Policia de Faro',87);
insert into Acciona values(355,'Policia de Faro',62);
insert into Acciona values(356,'Policia de Faro',73);
insert into Acciona values(357,'Policia de Faro',40);
insert into Acciona values(358,'Policia de Faro',4);
insert into Acciona values(359,'Policia de Faro',40);
insert into Acciona values(360,'Policia de Faro',21);
insert into Acciona values(361,'Policia de Faro',9);
insert into Acciona values(362,'Policia de Faro',92);
insert into Acciona values(363,'Policia de Faro',89);
insert into Acciona values(364,'Policia de Faro',97);
insert into Acciona values(365,'Policia de Faro',31);
insert into Acciona values(366,'Policia de Faro',57);
insert into Acciona values(367,'Policia de Faro',73);
insert into Acciona values(368,'Policia de Faro',57);
insert into Acciona values(369,'Policia de Faro',50);
insert into Acciona values(370,'Policia de Faro',75);
insert into Acciona values(371,'Policia de Faro',58);
insert into Acciona values(372,'Policia de Faro',28);
insert into Acciona values(373,'Policia de Faro',72);
insert into Acciona values(374,'Policia de Faro',8);
insert into Acciona values(375,'Policia de Faro',44);
insert into Acciona values(376,'Policia de Faro',20);
insert into Acciona values(377,'Policia de Faro',10);
insert into Acciona values(378,'Policia de Faro',49);
insert into Acciona values(379,'Policia de Faro',11);
insert into Acciona values(380,'Policia de Faro',67);
insert into Acciona values(381,'Policia de Faro',73);
insert into Acciona values(382,'Policia de Faro',1);
insert into Acciona values(383,'Policia de Faro',1);
insert into Acciona values(384,'Policia de Faro',36);
insert into Acciona values(385,'Policia de Faro',35);
insert into Acciona values(386,'Policia de Faro',44);
insert into Acciona values(387,'Policia de Faro',29);
insert into Acciona values(388,'Policia de Faro',46);
insert into Acciona values(389,'Policia de Faro',89);
insert into Acciona values(390,'Policia de Faro',60);
insert into Acciona values(391,'Policia de Faro',84);
insert into Acciona values(392,'Policia de Faro',51);
insert into Acciona values(393,'Policia de Faro',91);
insert into Acciona values(394,'Policia de Faro',83);
insert into Acciona values(395,'Policia de Faro',34);
insert into Acciona values(396,'Policia de Faro',24);
insert into Acciona values(397,'Policia de Faro',27);
insert into Acciona values(398,'Policia de Faro',53);
insert into Acciona values(399,'Policia de Faro',38);

insert into Coordenador values(1);
insert into Coordenador values(2);
insert into Coordenador values(3);
insert into Coordenador values(4);
insert into Coordenador values(5);
insert into Coordenador values(6);
insert into Coordenador values(7);
insert into Coordenador values(8);
insert into Coordenador values(9);
insert into Coordenador values(10);
insert into Coordenador values(11);
insert into Coordenador values(12);
insert into Coordenador values(13);
insert into Coordenador values(14);
insert into Coordenador values(15);
insert into Coordenador values(16);
insert into Coordenador values(17);
insert into Coordenador values(18);
insert into Coordenador values(19);
insert into Coordenador values(20);
insert into Coordenador values(21);
insert into Coordenador values(22);
insert into Coordenador values(23);
insert into Coordenador values(24);
insert into Coordenador values(25);
insert into Coordenador values(26);
insert into Coordenador values(27);
insert into Coordenador values(28);
insert into Coordenador values(29);
insert into Coordenador values(30);
insert into Coordenador values(31);
insert into Coordenador values(32);
insert into Coordenador values(33);
insert into Coordenador values(34);
insert into Coordenador values(35);
insert into Coordenador values(36);
insert into Coordenador values(37);
insert into Coordenador values(38);
insert into Coordenador values(39);
insert into Coordenador values(40);
insert into Coordenador values(41);
insert into Coordenador values(42);
insert into Coordenador values(43);
insert into Coordenador values(44);
insert into Coordenador values(45);
insert into Coordenador values(46);
insert into Coordenador values(47);
insert into Coordenador values(48);
insert into Coordenador values(49);
insert into Coordenador values(50);
insert into Coordenador values(51);
insert into Coordenador values(52);
insert into Coordenador values(53);
insert into Coordenador values(54);
insert into Coordenador values(55);
insert into Coordenador values(56);
insert into Coordenador values(57);
insert into Coordenador values(58);
insert into Coordenador values(59);
insert into Coordenador values(60);
insert into Coordenador values(61);
insert into Coordenador values(62);
insert into Coordenador values(63);
insert into Coordenador values(64);
insert into Coordenador values(65);
insert into Coordenador values(66);
insert into Coordenador values(67);
insert into Coordenador values(68);
insert into Coordenador values(69);
insert into Coordenador values(70);
insert into Coordenador values(71);
insert into Coordenador values(72);
insert into Coordenador values(73);
insert into Coordenador values(74);
insert into Coordenador values(75);
insert into Coordenador values(76);
insert into Coordenador values(77);
insert into Coordenador values(78);
insert into Coordenador values(79);
insert into Coordenador values(80);
insert into Coordenador values(81);
insert into Coordenador values(82);
insert into Coordenador values(83);
insert into Coordenador values(84);
insert into Coordenador values(85);
insert into Coordenador values(86);
insert into Coordenador values(87);
insert into Coordenador values(88);
insert into Coordenador values(89);
insert into Coordenador values(90);
insert into Coordenador values(91);
insert into Coordenador values(92);
insert into Coordenador values(93);
insert into Coordenador values(94);
insert into Coordenador values(95);
insert into Coordenador values(96);
insert into Coordenador values(97);
insert into Coordenador values(98);
insert into Coordenador values(99);
insert into Coordenador values(100);

insert into Audita values(87,94,'Policia de Carcavelos',65,'2018-03-05 17:29:14','2018-07-19 12:37:04','2018-07-29 22:42:22','Boa noite. Gostaria que a minha auditoria fosse aprovada. Muito Obrigado!');
insert into Audita values(7,215,'Policia de Leiria',19,'2018-01-29 12:00:15','2018-08-22 08:52:19','2018-02-22 16:40:14','Boas, malta! Tudo bem? E assim, queria que voces vissem a minha auditoria.Pode ser? Bacano!');
insert into Audita values(11,158,'Camara Municipal de Braganca',93,'2018-03-18 21:04:10','2018-07-04 21:48:14','2018-03-10 16:39:39','Agradecia a vossa disponibilidade para atuar perante a minha auditoria.');
insert into Audita values(47,261,'Bombeiros de Coimbra',5,'2018-08-05 15:22:51','2018-08-23 05:10:55','2018-04-10 23:39:38','Agradecia a vossa disponibilidade para atuar perante a minha auditoria.');
insert into Audita values(65,240,'Policia de Carcavelos',97,'2018-03-30 22:43:48','2018-09-29 06:52:57','2018-06-14 21:21:12','Boa noite. Gostaria que a minha auditoria fosse aprovada. Muito Obrigado!');
insert into Audita values(88,99,'Camara Municipal de Alcanena',99,'2018-04-21 22:46:51','2018-10-07 02:29:44','2018-06-19 22:53:00','Ola. Bom dia, peo que esta auditoria seja aceite.');
insert into Audita values(27,67,'Camara Municipal de Alges',68,'2018-05-04 15:18:08','2018-06-06 11:50:55','2018-05-30 09:35:47','Agradecia a vossa disponibilidade para atuar perante a minha auditoria.');
insert into Audita values(32,103,'Bombeiros de Alfama',64,'2018-01-05 23:06:34','2018-11-27 21:04:59','2018-06-04 06:06:46','Boa noite. Gostaria que a minha auditoria fosse aprovada. Muito Obrigado!');
insert into Audita values(78,200,'Policia de Alges',70,'2018-03-28 21:28:07','2018-06-30 15:05:41','2018-07-10 17:02:12','Boa noite. Gostaria que a minha auditoria fosse aprovada. Muito Obrigado!');
insert into Audita values(28,170,'Policia de Geres',68,'2018-02-15 09:56:46','2018-09-26 14:26:01','2018-11-17 23:34:01','Boa noite. Gostaria que a minha auditoria fosse aprovada. Muito Obrigado!');
insert into Audita values(34,197,'Bombeiros de Trancoso',52,'2018-05-02 12:26:44','2018-11-15 10:17:59','2018-01-13 09:32:11','Boas, malta! Tudo bem? E assim, queria que voces vissem a minha auditoria.Pode ser? Bacano!');
insert into Audita values(7,275,'Policia de Braga',19,'2018-07-15 10:39:34','2018-09-19 23:12:30','2018-11-09 01:30:32','Agradecia a vossa disponibilidade para atuar perante a minha auditoria.');
insert into Audita values(72,223,'Policia de Oeiras',62,'2018-02-14 15:38:01','2018-08-27 13:08:46','2018-05-16 18:49:36','Boas, malta! Tudo bem? E assim, queria que voces vissem a minha auditoria.Pode ser? Bacano!');
insert into Audita values(4,226,'Camara Municipal de Braga',91,'2018-08-06 02:23:16','2018-10-11 20:51:50','2018-08-27 04:53:38','Agradecia a vossa disponibilidade para atuar perante a minha auditoria.');
insert into Audita values(81,199,'Policia de Alfama',78,'2018-07-09 04:33:52','2018-07-26 13:53:58','2018-09-20 16:44:02','Boas, malta! Tudo bem? E assim, queria que voces vissem a minha auditoria.Pode ser? Bacano!');
insert into Audita values(9,39,'Policia de Oeiras',15,'2018-01-31 00:02:24','2018-02-04 08:00:04','2018-02-14 18:19:40','Boas, malta! Tudo bem? E assim, queria que voces vissem a minha auditoria.Pode ser? Bacano!');
insert into Audita values(37,78,'Policia de Viana do Castelo',56,'2018-06-07 07:44:42','2018-11-24 02:54:18','2018-08-02 16:44:40','Boas, malta! Tudo bem? E assim, queria que voces vissem a minha auditoria.Pode ser? Bacano!');
insert into Audita values(96,72,'Policia de Faro',60,'2018-02-18 23:46:47','2018-08-15 23:34:25','2018-03-30 04:13:12','Ola. Bom dia, peo que esta auditoria seja aceite.');
insert into Audita values(40,22,'Camara Municipal de Santarem',34,'2018-01-12 07:30:58','2018-04-24 12:56:23','2018-09-12 00:31:28','Boas, malta! Tudo bem? E assim, queria que voces vissem a minha auditoria.Pode ser? Bacano!');
insert into Audita values(80,169,'Policia de Coimbra',27,'2018-10-27 12:36:00','2018-10-28 20:30:01','2018-06-29 10:03:02','Boa noite. Gostaria que a minha auditoria fosse aprovada. Muito Obrigado!');
insert into Audita values(13,95,'Bombeiros de Fatima',31,'2018-02-20 11:37:15','2018-06-20 09:30:58','2018-08-04 15:08:38','Agradecia a vossa disponibilidade para atuar perante a minha auditoria.');
insert into Audita values(32,129,'Bombeiros de Faro',78,'2018-09-21 19:59:46','2018-10-12 00:31:48','2018-02-08 02:52:16','Boa noite. Gostaria que a minha auditoria fosse aprovada. Muito Obrigado!');
insert into Audita values(40,252,'Bombeiros de Alges',7,'2018-01-21 14:34:28','2018-06-20 09:11:58','2018-09-08 18:05:25','Ola. Bom dia, peo que esta auditoria seja aceite.');
insert into Audita values(11,104,'Camara Municipal de Torres Novas',83,'2018-01-22 14:58:27','2018-08-18 23:10:09','2018-04-26 00:18:18','Agradecia a vossa disponibilidade para atuar perante a minha auditoria.');
insert into Audita values(65,34,'Camara Municipal de Portimao',84,'2018-01-29 06:23:09','2018-08-03 12:08:48','2018-05-06 14:59:21','Boa noite. Gostaria que a minha auditoria fosse aprovada. Muito Obrigado!');
insert into Audita values(90,57,'Policia de Massama',16,'2018-10-07 14:13:22','2018-12-26 20:23:02','2018-10-21 12:02:10','Ola. Bom dia, peo que esta auditoria seja aceite.');
insert into Audita values(96,123,'Bombeiros de Oliveira do Hospital',84,'2018-03-10 13:47:41','2018-09-15 19:52:48','2018-11-15 23:12:14','Agradecia a vossa disponibilidade para atuar perante a minha auditoria.');
insert into Audita values(40,168,'Camara Municipal de Oeiras',59,'2018-01-31 05:52:26','2018-08-04 07:24:00','2018-01-27 03:14:50','Ola. Bom dia, peo que esta auditoria seja aceite.');
insert into Audita values(72,75,'Bombeiros de Torres Novas',73,'2018-03-29 13:09:25','2018-06-15 07:42:55','2018-05-20 02:49:13','Agradecia a vossa disponibilidade para atuar perante a minha auditoria.');
insert into Audita values(72,110,'Bombeiros de Mafra',39,'2018-04-27 07:26:20','2018-05-18 08:47:40','2018-09-24 10:44:40','Agradecia a vossa disponibilidade para atuar perante a minha auditoria.');
insert into Audita values(9,297,'Camara Municipal de Carcavelos',75,'2018-04-19 19:57:30','2018-06-07 23:54:06','2018-03-20 11:20:22','Boas, malta! Tudo bem? E assim, queria que voces vissem a minha auditoria.Pode ser? Bacano!');
insert into Audita values(1,285,'Policia de Guarda',25,'2018-08-03 09:25:03','2018-09-26 06:17:40','2018-11-02 05:14:51','Boas, malta! Tudo bem? E assim, queria que voces vissem a minha auditoria.Pode ser? Bacano!');
insert into Audita values(99,165,'Bombeiros de Guarda',78,'2018-02-10 11:21:49','2018-10-19 07:02:35','2018-01-07 03:55:35','Boas, malta! Tudo bem? E assim, queria que voces vissem a minha auditoria.Pode ser? Bacano!');
insert into Audita values(8,230,'Camara Municipal de Faro',42,'2018-08-18 05:00:26','2018-11-22 13:03:01','2018-11-02 14:11:01','Agradecia a vossa disponibilidade para atuar perante a minha auditoria.');
insert into Audita values(30,242,'Policia de Torres Novas',67,'2018-03-30 19:11:49','2018-04-15 00:55:18','2018-11-01 10:52:14','Boa noite. Gostaria que a minha auditoria fosse aprovada. Muito Obrigado!');
insert into Audita values(33,61,'Policia de Alfama',58,'2018-07-27 23:33:15','2018-11-07 10:34:11','2018-05-31 19:14:59','Ola. Bom dia, peo que esta auditoria seja aceite.');
insert into Audita values(57,38,'Policia de Porto',92,'2018-04-01 20:49:01','2018-04-19 23:35:07','2018-11-05 23:52:54','Boas, malta! Tudo bem? E assim, queria que voces vissem a minha auditoria.Pode ser? Bacano!');
insert into Audita values(79,298,'Policia de Evora',56,'2018-07-31 13:59:51','2018-08-17 00:31:13','2018-09-16 09:13:01','Agradecia a vossa disponibilidade para atuar perante a minha auditoria.');
insert into Audita values(33,278,'Bombeiros de Areeiro',36,'2018-05-31 00:40:46','2018-11-26 18:40:17','2018-06-24 23:06:02','Agradecia a vossa disponibilidade para atuar perante a minha auditoria.');
insert into Audita values(63,135,'Bombeiros de Braga',53,'2018-08-26 13:30:27','2018-09-10 20:15:09','2018-07-21 18:03:08','Boas, malta! Tudo bem? E assim, queria que voces vissem a minha auditoria.Pode ser? Bacano!');
insert into Audita values(78,245,'Bombeiros de Torres Novas',61,'2018-01-11 23:52:47','2018-03-10 21:47:16','2018-06-05 04:21:20','Boa noite. Gostaria que a minha auditoria fosse aprovada. Muito Obrigado!');
insert into Audita values(15,180,'Camara Municipal de Oliveira do Hospital',12,'2018-04-08 03:55:23','2018-11-08 17:12:21','2018-08-19 21:49:20','Ola. Bom dia, peo que esta auditoria seja aceite.');
insert into Audita values(32,68,'Bombeiros de Loures',29,'2018-03-28 04:29:20','2018-09-15 12:47:43','2018-07-19 18:02:06','Boas, malta! Tudo bem? E assim, queria que voces vissem a minha auditoria.Pode ser? Bacano!');
insert into Audita values(17,138,'Camara Municipal de Trancoso',92,'2018-03-11 06:47:02','2018-04-22 13:29:04','2018-03-01 11:22:00','Boa noite. Gostaria que a minha auditoria fosse aprovada. Muito Obrigado!');
insert into Audita values(57,41,'Camara Municipal de Fatima',23,'2018-03-14 07:00:58','2018-12-05 14:22:47','2018-11-01 16:03:35','Ola. Bom dia, peo que esta auditoria seja aceite.');
insert into Audita values(46,294,'Bombeiros de Oeiras',71,'2018-03-07 07:17:10','2018-10-17 07:44:20','2018-09-25 13:20:09','Agradecia a vossa disponibilidade para atuar perante a minha auditoria.');
insert into Audita values(97,272,'Camara Municipal de Castro Verde',41,'2018-04-13 03:22:17','2018-12-31 05:41:57','2018-01-02 18:25:26','Boa noite. Gostaria que a minha auditoria fosse aprovada. Muito Obrigado!');
insert into Audita values(31,96,'Policia de Alges',84,'2018-04-16 18:10:11','2018-09-10 02:34:44','2018-07-25 12:55:18','Ola. Bom dia, peo que esta auditoria seja aceite.');
insert into Audita values(85,211,'Policia de Alges',37,'2018-05-18 05:04:31','2018-07-23 14:28:39','2018-03-28 01:24:19','Ola. Bom dia, peo que esta auditoria seja aceite.');
insert into Audita values(5,136,'Camara Municipal de Alfama',90,'2018-02-02 14:04:50','2018-11-22 17:33:19','2018-07-23 06:03:27','Boas, malta! Tudo bem? E assim, queria que voces vissem a minha auditoria.Pode ser? Bacano!');
insert into Audita values(69,175,'Camara Municipal de Faro',21,'2018-01-07 16:53:14','2018-07-03 18:35:16','2018-09-20 15:15:06','Boas, malta! Tudo bem? E assim, queria que voces vissem a minha auditoria.Pode ser? Bacano!');
insert into Audita values(57,111,'Camara Municipal de Vila Nova de Gaia',52,'2018-02-25 18:36:25','2018-09-25 01:42:28','2018-04-03 20:22:34','Agradecia a vossa disponibilidade para atuar perante a minha auditoria.');
insert into Audita values(4,251,'Policia de Alcanena',19,'2018-11-04 21:17:18','2018-12-28 10:00:59','2018-02-26 11:37:14','Ola. Bom dia, peo que esta auditoria seja aceite.');
insert into Audita values(5,239,'Policia de Areeiro',9,'2018-05-13 03:17:55','2018-06-07 06:39:50','2018-02-09 11:16:46','Agradecia a vossa disponibilidade para atuar perante a minha auditoria.');
insert into Audita values(27,162,'Bombeiros de Carcavelos',87,'2018-05-28 12:45:31','2018-09-05 14:07:01','2018-07-16 17:36:57','Agradecia a vossa disponibilidade para atuar perante a minha auditoria.');
insert into Audita values(96,77,'Policia de Vila Nova de Gaia',62,'2018-08-01 22:32:13','2018-11-20 16:42:39','2018-02-13 17:29:43','Agradecia a vossa disponibilidade para atuar perante a minha auditoria.');
insert into Audita values(60,293,'Bombeiros de Odivelas',73,'2018-05-11 21:25:04','2018-08-06 22:31:14','2018-10-15 09:00:54','Agradecia a vossa disponibilidade para atuar perante a minha auditoria.');
insert into Audita values(9,217,'Camara Municipal de Beja',40,'2018-08-12 16:54:23','2018-12-31 01:49:52','2018-02-15 12:15:03','Boas, malta! Tudo bem? E assim, queria que voces vissem a minha auditoria.Pode ser? Bacano!');
insert into Audita values(71,147,'Camara Municipal de Massama',4,'2018-01-20 13:46:22','2018-10-13 04:26:39','2018-10-21 19:27:38','Boa noite. Gostaria que a minha auditoria fosse aprovada. Muito Obrigado!');
insert into Audita values(100,289,'Policia de Braganca',40,'2018-08-13 21:31:19','2018-12-18 20:00:29','2018-03-22 12:13:07','Agradecia a vossa disponibilidade para atuar perante a minha auditoria.');
insert into Audita values(89,63,'Camara Municipal de Faro',21,'2018-06-15 05:52:07','2018-09-20 02:33:35','2018-01-18 10:32:50','Ola. Bom dia, peo que esta auditoria seja aceite.');
insert into Audita values(64,299,'Policia de Faro',9,'2018-08-31 12:18:31','2018-10-16 12:03:54','2018-03-01 22:21:22','Ola. Bom dia, peo que esta auditoria seja aceite.');
insert into Audita values(39,9,'Policia de Oeiras',92,'2018-06-20 01:02:29','2018-12-17 06:02:14','2018-10-05 01:05:08','Ola. Bom dia, peo que esta auditoria seja aceite.');
insert into Audita values(100,249,'Camara Municipal de Torres Novas',89,'2018-01-29 13:53:16','2018-10-13 21:33:17','2018-07-21 11:11:15','Ola. Bom dia, peo que esta auditoria seja aceite.');
insert into Audita values(15,97,'Bombeiros de Coimbra',97,'2018-02-05 14:07:58','2018-04-13 18:05:18','2018-01-13 22:14:45','Boa noite. Gostaria que a minha auditoria fosse aprovada. Muito Obrigado!');
insert into Audita values(24,100,'Policia de Coimbra',31,'2018-03-06 05:24:57','2018-08-11 00:09:28','2018-04-30 16:31:14','Agradecia a vossa disponibilidade para atuar perante a minha auditoria.');
insert into Audita values(86,143,'Bombeiros de Mafra',57,'2018-01-29 00:13:27','2018-12-19 00:50:29','2018-06-20 04:24:18','Agradecia a vossa disponibilidade para atuar perante a minha auditoria.');
insert into Audita values(21,107,'Bombeiros de Evora',73,'2018-01-03 18:54:54','2018-05-18 11:28:12','2018-10-19 06:53:36','Ola. Bom dia, peo que esta auditoria seja aceite.');
insert into Audita values(23,295,'Policia de Loures',57,'2018-01-29 21:23:56','2018-10-12 10:01:33','2018-03-16 02:59:16','Ola. Bom dia, peo que esta auditoria seja aceite.');
insert into Audita values(19,46,'Policia de Portimao',50,'2018-02-06 08:51:26','2018-02-24 22:34:08','2018-06-29 21:58:53','Boas, malta! Tudo bem? E assim, queria que voces vissem a minha auditoria.Pode ser? Bacano!');
insert into Audita values(82,124,'Policia de Alcanena',75,'2018-08-17 08:38:56','2018-12-17 20:57:07','2018-09-02 23:14:20','Ola. Bom dia, peo que esta auditoria seja aceite.');
insert into Audita values(9,82,'Policia de Zibreira',58,'2018-08-15 08:38:28','2018-12-29 02:19:10','2018-09-09 12:32:15','Ola. Bom dia, peo que esta auditoria seja aceite.');
insert into Audita values(51,130,'Policia de Oeiras',28,'2018-07-11 23:41:28','2018-12-05 00:34:18','2018-11-21 00:12:55','Ola. Bom dia, peo que esta auditoria seja aceite.');
insert into Audita values(53,19,'Policia de Leiria',72,'2018-02-10 23:55:38','2018-08-04 12:00:28','2018-04-18 00:42:03','Ola. Bom dia, peo que esta auditoria seja aceite.');
insert into Audita values(9,191,'Camara Municipal de Alcantara',8,'2018-05-18 16:19:58','2018-07-06 12:59:41','2018-03-18 12:03:16','Boas, malta! Tudo bem? E assim, queria que voces vissem a minha auditoria.Pode ser? Bacano!');
insert into Audita values(78,10,'Bombeiros de Leiria',44,'2018-02-13 01:04:22','2018-03-04 03:40:57','2018-04-17 00:56:42','Agradecia a vossa disponibilidade para atuar perante a minha auditoria.');
insert into Audita values(55,141,'Bombeiros de Restelo',20,'2018-01-09 00:41:48','2018-04-15 11:46:12','2018-02-28 04:09:10','Boa noite. Gostaria que a minha auditoria fosse aprovada. Muito Obrigado!');
insert into Audita values(92,56,'Policia de Viseu',10,'2018-02-09 05:54:52','2018-05-28 12:32:18','2018-01-10 04:35:14','Agradecia a vossa disponibilidade para atuar perante a minha auditoria.');
insert into Audita values(76,282,'Policia de Braganca',49,'2018-10-03 14:09:54','2018-11-26 00:53:02','2018-02-07 03:15:40','Ola. Bom dia, peo que esta auditoria seja aceite.');
insert into Audita values(84,214,'Policia de Santarem',11,'2018-01-28 02:43:07','2018-10-06 04:53:45','2018-08-16 04:47:52','Agradecia a vossa disponibilidade para atuar perante a minha auditoria.');
insert into Audita values(43,265,'Bombeiros de Porto',67,'2018-01-05 02:22:26','2018-08-20 12:56:00','2018-05-05 17:31:57','Ola. Bom dia, peo que esta auditoria seja aceite.');
insert into Audita values(76,280,'Camara Municipal de Portimao',73,'2018-01-10 16:03:31','2018-08-13 20:55:39','2018-09-02 13:23:02','Ola. Bom dia, peo que esta auditoria seja aceite.');
insert into Audita values(87,181,'Camara Municipal de Odivelas',1,'2018-02-08 18:59:05','2018-03-24 02:54:49','2018-10-14 12:27:58','Agradecia a vossa disponibilidade para atuar perante a minha auditoria.');
insert into Audita values(69,25,'Policia de Santarem',1,'2018-06-05 00:58:49','2018-06-22 09:09:52','2018-05-22 17:34:23','Ola. Bom dia, peo que esta auditoria seja aceite.');
insert into Audita values(78,70,'Policia de Santarem',36,'2018-02-15 11:35:16','2018-11-01 03:24:25','2018-03-27 23:39:23','Boas, malta! Tudo bem? E assim, queria que voces vissem a minha auditoria.Pode ser? Bacano!');
insert into Audita values(26,179,'Policia de Vila Nova de Gaia',35,'2018-04-13 12:35:14','2018-06-18 12:30:44','2018-11-12 01:30:39','Ola. Bom dia, peo que esta auditoria seja aceite.');
insert into Audita values(6,47,'Policia de Torres Novas',44,'2018-07-30 03:20:48','2018-10-05 06:15:09','2018-04-20 13:55:32','Agradecia a vossa disponibilidade para atuar perante a minha auditoria.');
insert into Audita values(19,236,'Policia de Massama',29,'2018-02-24 03:54:16','2018-12-01 16:34:00','2018-05-02 20:42:10','Boa noite. Gostaria que a minha auditoria fosse aprovada. Muito Obrigado!');
insert into Audita values(74,254,'Bombeiros de Beja',46,'2018-02-18 00:06:54','2018-09-09 04:50:03','2018-10-03 06:48:35','Agradecia a vossa disponibilidade para atuar perante a minha auditoria.');
insert into Audita values(56,28,'Camara Municipal de Alcantara',89,'2018-03-30 01:44:48','2018-12-21 11:27:13','2018-11-20 19:26:43','Agradecia a vossa disponibilidade para atuar perante a minha auditoria.');
insert into Audita values(47,188,'Bombeiros de Odivelas',60,'2018-06-29 22:54:03','2018-10-03 02:48:46','2018-11-20 15:37:40','Agradecia a vossa disponibilidade para atuar perante a minha auditoria.');
insert into Audita values(36,157,'Camara Municipal de Porto',84,'2018-05-01 03:44:31','2018-06-21 10:06:13','2018-11-20 00:25:02','Ola. Bom dia, peo que esta auditoria seja aceite.');
insert into Audita values(82,92,'Policia de Fatima',51,'2018-01-26 00:44:28','2018-04-12 08:34:01','2018-07-08 11:56:49','Ola. Bom dia, peo que esta auditoria seja aceite.');
insert into Audita values(46,149,'Bombeiros de Beja',91,'2018-07-30 15:42:28','2018-09-14 11:21:06','2018-04-14 01:21:03','Boa noite. Gostaria que a minha auditoria fosse aprovada. Muito Obrigado!');
insert into Audita values(66,216,'Policia de Odivelas',83,'2018-04-20 14:15:57','2018-09-09 15:30:31','2018-10-02 10:56:50','Ola. Bom dia, peo que esta auditoria seja aceite.');
insert into Audita values(44,296,'Bombeiros de Viseu',34,'2018-03-11 08:58:08','2018-09-02 06:01:06','2018-01-04 23:48:44','Boa noite. Gostaria que a minha auditoria fosse aprovada. Muito Obrigado!');
insert into Audita values(8,6,'Bombeiros de Viana do Castelo',24,'2018-01-24 01:44:00','2018-03-21 01:57:31','2018-06-15 14:55:56','Ola. Bom dia, peo que esta auditoria seja aceite.');
insert into Audita values(66,148,'Bombeiros de Oeiras',27,'2018-02-22 07:47:16','2018-11-16 08:02:41','2018-05-14 09:08:31','Agradecia a vossa disponibilidade para atuar perante a minha auditoria.');
insert into Audita values(73,52,'Camara Municipal de Areeiro',53,'2018-10-01 02:41:04','2018-10-09 12:46:53','2018-02-03 08:18:38','Ola. Bom dia, peo que esta auditoria seja aceite.');
insert into Audita values(7,113,'Bombeiros de Vila Nova de Gaia',38,'2018-12-08 13:24:58','2018-12-19 08:35:56','2018-08-25 05:56:45','Agradecia a vossa disponibilidade para atuar perante a minha auditoria.');

insert into Solicita values(82,'2018-10-03 05:07:09',69,'2018-10-12 10:09:31','2018-10-22 22:27:34');
insert into Solicita values(24,'2018-03-13 21:23:35',63,'2018-03-16 21:38:24','2018-05-28 10:46:12');
insert into Solicita values(11,'2018-03-10 10:13:53',59,'2018-04-19 19:38:55','2018-08-20 22:44:24');
insert into Solicita values(28,'2018-01-02 07:03:40',82,'2018-07-21 06:27:40','2018-09-26 00:17:08');
insert into Solicita values(70,'2018-11-24 02:21:27',45,'2018-12-06 05:22:20','2018-12-16 20:17:46');
insert into Solicita values(49,'2018-05-10 14:09:16',22,'2018-05-19 14:59:32','2018-08-11 18:21:05');
insert into Solicita values(97,'2018-06-14 02:48:31',91,'2018-09-22 22:06:01','2018-11-12 11:25:16');
insert into Solicita values(30,'2018-04-30 05:18:29',52,'2018-06-15 23:40:26','2018-07-11 11:56:57');
insert into Solicita values(69,'2018-09-12 17:21:40',82,'2018-11-02 13:00:59','2018-11-11 05:38:24');
insert into Solicita values(68,'2018-02-13 20:58:06',88,'2018-07-11 14:44:24','2018-10-11 09:34:00');
insert into Solicita values(25,'2018-07-02 04:24:04',8,'2018-07-12 05:07:37','2018-10-08 11:08:24');
insert into Solicita values(89,'2018-01-29 04:33:52',80,'2018-05-07 07:32:43','2018-07-04 10:25:25');
insert into Solicita values(20,'2018-02-06 16:39:57',30,'2018-04-10 09:55:05','2018-05-02 14:17:01');
insert into Solicita values(92,'2018-05-28 13:36:01',42,'2018-06-05 22:39:58','2018-10-27 17:44:19');
insert into Solicita values(98,'2018-02-24 00:36:27',52,'2018-03-02 14:24:54','2018-03-20 14:32:53');
insert into Solicita values(85,'2018-01-01 18:44:22',68,'2018-07-26 01:40:06','2018-08-21 08:20:43');
insert into Solicita values(80,'2018-01-24 11:13:24',93,'2018-05-15 17:04:24','2018-09-16 03:40:43');
insert into Solicita values(40,'2018-07-19 21:22:16',93,'2018-07-22 15:01:59','2018-08-02 10:51:21');
insert into Solicita values(6,'2018-02-27 09:56:53',100,'2018-02-28 10:04:33','2018-03-18 22:52:13');
insert into Solicita values(83,'2018-08-21 16:42:55',39,'2018-09-04 18:23:19','2018-11-06 13:58:55');
insert into Solicita values(50,'2018-07-07 08:12:59',94,'2018-07-19 03:06:41','2018-08-17 01:05:05');
insert into Solicita values(93,'2018-11-29 00:38:39',27,'2018-12-03 09:21:56','2018-12-04 01:25:56');
insert into Solicita values(60,'2018-05-06 00:57:59',42,'2018-05-09 01:42:46','2018-07-06 02:50:40');
insert into Solicita values(26,'2018-05-17 09:28:12',82,'2018-05-20 02:57:33','2018-05-21 04:04:20');
insert into Solicita values(27,'2018-10-31 00:51:38',19,'2018-12-05 05:46:56','2018-12-18 14:16:23');
insert into Solicita values(86,'2018-07-22 09:33:39',41,'2018-08-01 06:45:32','2018-08-01 15:18:54');
insert into Solicita values(62,'2018-04-29 00:06:24',79,'2018-06-25 12:22:40','2018-09-05 01:19:50');
insert into Solicita values(16,'2018-03-08 06:08:04',51,'2018-03-14 16:53:48','2018-03-16 19:48:13');
insert into Solicita values(99,'2018-01-13 18:14:36',60,'2018-01-15 15:00:42','2018-01-24 03:37:25');
insert into Solicita values(22,'2018-10-13 01:54:49',74,'2018-10-14 17:06:55','2018-10-25 18:34:29');
insert into Solicita values(67,'2018-01-06 11:25:40',53,'2018-04-08 00:39:58','2018-04-13 09:20:58');
insert into Solicita values(29,'2018-05-29 01:27:13',53,'2018-05-30 08:22:52','2018-07-20 22:37:56');
insert into Solicita values(1,'2018-06-12 09:45:52',74,'2018-06-26 05:08:37','2018-07-15 13:10:33');
insert into Solicita values(39,'2018-02-06 09:46:34',70,'2018-10-29 03:43:04','2018-11-19 12:03:21');
insert into Solicita values(7,'2018-01-21 23:01:18',42,'2018-03-01 09:02:39','2018-03-24 07:07:35');
insert into Solicita values(38,'2018-07-29 18:20:45',43,'2018-08-15 23:20:11','2018-08-16 02:07:50');
insert into Solicita values(37,'2018-08-20 07:03:44',60,'2018-09-07 03:29:34','2018-11-14 03:31:05');
insert into Solicita values(55,'2018-01-18 23:02:06',22,'2018-03-10 20:11:44','2018-12-07 13:24:31');
insert into Solicita values(94,'2018-01-24 01:57:41',33,'2018-03-03 21:43:33','2018-07-17 04:26:07');
insert into Solicita values(61,'2018-04-21 20:16:22',74,'2018-07-01 12:37:27','2018-07-19 19:58:34');
insert into Solicita values(56,'2018-05-13 06:39:33',19,'2018-09-19 13:50:09','2018-09-25 17:28:53');
insert into Solicita values(71,'2018-03-05 11:02:40',65,'2018-06-22 05:53:09','2018-07-03 15:18:43');
insert into Solicita values(17,'2018-04-04 14:54:45',93,'2018-04-07 04:51:33','2018-05-03 10:08:33');
insert into Solicita values(10,'2018-01-29 08:02:22',35,'2018-02-06 09:21:03','2018-03-31 07:46:46');
insert into Solicita values(34,'2018-02-15 19:27:03',54,'2018-02-27 18:16:29','2018-03-07 17:58:42');
insert into Solicita values(66,'2018-02-12 06:27:10',82,'2018-06-05 19:02:34','2018-10-07 03:50:03');
insert into Solicita values(58,'2018-02-11 05:19:55',89,'2018-02-26 16:16:36','2018-05-30 07:34:03');
insert into Solicita values(46,'2018-08-21 18:07:32',66,'2018-10-30 09:34:33','2018-11-27 03:20:43');
insert into Solicita values(75,'2018-01-20 05:32:22',44,'2018-04-18 20:40:12','2018-08-04 00:14:48');
insert into Solicita values(96,'2018-01-04 14:41:55',74,'2018-01-09 00:35:44','2018-04-08 19:54:48');
insert into Solicita values(63,'2018-04-01 13:26:47',51,'2018-04-27 11:36:26','2018-04-29 16:51:02');
insert into Solicita values(12,'2018-05-14 20:19:37',53,'2018-09-30 11:49:53','2018-10-05 03:03:50');
insert into Solicita values(84,'2018-08-05 11:45:59',75,'2018-08-12 03:05:09','2018-09-03 08:57:51');
insert into Solicita values(53,'2018-06-25 12:37:57',67,'2018-06-30 12:30:23','2018-07-19 03:26:17');
insert into Solicita values(52,'2018-06-04 06:01:32',74,'2018-08-14 08:03:47','2018-08-26 14:18:12');
insert into Solicita values(91,'2018-01-21 08:09:04',49,'2018-07-07 17:00:43','2018-07-24 16:41:15');
insert into Solicita values(47,'2018-10-14 15:44:14',32,'2018-10-14 17:34:17','2018-10-15 12:32:50');
insert into Solicita values(42,'2018-03-09 15:48:40',74,'2018-08-04 12:03:25','2018-09-16 18:21:25');
insert into Solicita values(9,'2018-05-07 17:30:14',60,'2018-06-19 06:48:52','2018-06-30 05:43:41');
insert into Solicita values(65,'2018-10-10 04:01:29',86,'2018-10-21 15:33:27','2018-10-22 01:08:50');
